document_id,source,source_url,source_agency,publication_date,title,abstract,document_type,case_number,fr_citation,fetched_at
2026-16911,Federal Register,https://www.federalregister.gov/documents/2026/08/19/2026-16911/accuracy-of-importer-of-record-data-submitted-to-cbp,Homeland Security Department; U.S. Customs and Border Protection,2026-08-19,Accuracy of Importer of Record Data Submitted to CBP,"This document notifies the public that U.S. Customs and Border Protection (CBP) is taking initial steps to implement Executive Order 14411 ""Strengthening Customs Enforcement."" CBP is executing enhanced enforcement procedures to verify the accuracy of the information provided by new and existing importers of record on the CBP Form 5106, consistent with Executive Order 14411 and governing statutes. Importers of Record (IORs), or customs brokers providing information on the IOR's behalf, must provide accurate and complete information for the IOR. Inaccurate information may result in immediate voiding of IOR numbers and other enforcement actions. IORs, or customs brokers providing information on the IOR's behalf, should ensure that the information is accurate to avoid the voiding of their IOR number, and in preparation for future Executive Order implementation.",Notice,,91 FR 53627,2026-08-19T08:44:39.174449+00:00
2026-16905,Federal Register,https://www.federalregister.gov/documents/2026/08/19/2026-16905/certain-transformers-and-components-thereof-notice-of-institution-of-investigation,International Trade Commission,2026-08-19,Certain Transformers and Components Thereof; Notice of Institution of Investigation,"Notice is hereby given that a complaint was filed with the U.S. International Trade Commission on July 16, 2026, under section 337 of the Tariff Act of 1930, as amended, on behalf of Ayr Energy, Inc. of Mountain View, California. The complaint alleges violations of section 337 based upon the importation into the United States, the sale for importation, and/or the sale within the United States after importation of certain transformers and components thereof by reason of misappropriation of trade secrets, false advertising, unfair competition, trademark infringement, false designation of origin, and common law trademark infringement, the threat or effect of which is to destroy or substantially injure an industry in the United States or to prevent the establishment of such an industry. The complainant requests that the Commission institute an investigation and, after the investigation, issue a limited exclusion order and cease and desist orders.",Notice,Investigation No. 337-TA-1517,91 FR 53631,2026-08-19T08:44:39.174449+00:00
2026-16881,Federal Register,https://www.federalregister.gov/documents/2026/08/19/2026-16881/phosphate-fertilizers-from-the-russian-federation-notice-of-court-decision-not-in-harmony-with-the,Commerce Department; International Trade Administration,2026-08-19,Phosphate Fertilizers From the Russian Federation: Notice of Court Decision Not in Harmony With the Results of Countervailing Duty Administrative Review; Notice of Amended Final Results,"On August 12, 2026, the U.S. Court of International Trade (CIT) issued its final judgment in Archer Daniels Midland Co v. United States, Consol. Court no. 23-00239, sustaining the U.S. Department of Commerce (Commerce)'s second remand results pertaining to the administrative review of the countervailing duty (CVD) order on phosphate fertilizers from the Russian Federation (Russia) covering the period of review (POR) November 30, 2020, through December 31, 2021. Commerce is notifying the public that the CIT's final judgment is not in harmony with Commerce's final results of the administrative review, and that Commerce is amending the final results with respect to the countervailable subsidy rate assigned to Joint Stock Company Apatit (JSC Apatit).",Notice,C-821-825,91 FR 53600,2026-08-19T08:44:39.174449+00:00
2026-16861,Federal Register,https://www.federalregister.gov/documents/2026/08/19/2026-16861/light-walled-rectangular-pipe-and-tube-from-china-mexico-south-korea-and-turkey-determinations,International Trade Commission,2026-08-19,"Light-Walled Rectangular Pipe and Tube From China, Mexico, South Korea, and Turkey; Determinations",,Notice,Investigation Nos. 701-TA-449 and 731-TA-1118-1121 (Third Review),91 FR 53633,2026-08-19T08:44:39.174449+00:00
2026-16859,Federal Register,https://www.federalregister.gov/documents/2026/08/19/2026-16859/amending-procedures-for-submissions-by-importers-of-automobiles-qualifying-for-preferential-tariff,Commerce Department; International Trade Administration,2026-08-19,Amending Procedures for Submissions by Importers of Automobiles Qualifying for Preferential Tariff Treatment Under the USMCA To Determine U.S. Content,"In Proclamation 10908 of March 26, 2025, ""Adjusting Imports of Automobiles and Automobile Parts Into the United States,"" the President imposed additional tariffs on imports of specified automobiles and automobile parts to eliminate the threat to national security posed by such imports. That Proclamation also provided that for automobiles that qualify for preferential tariff treatment under the United States-Mexico-Canada Agreement (USMCA), importers of such automobiles may submit documentation to the Secretary of Commerce (Secretary) identifying the amount of U.S. content in each model imported into the United States. In a Federal Register Notice published on May 20, 2025, ""Procedures for Submission by Importers of Automobiles Qualifying for Preferential Tariff Treatment Under the USMCA to Determine U.S. Content,"" the Department of Commerce (Department) established procedures for submission and review of such documentation. This Notice amends those procedures to conform those procedures with the submission timelines for medium- and heavy-duty vehicles, consistent with Proclamation 10984 of October 17, 2025, ""Adjusting Imports of Medium- and Heavy-Duty Vehicles, Medium- and Heavy-Duty Vehicle Parts, and Buses Into the United States.""",Notice,Docket No. 260811-0485,91 FR 53602,2026-08-19T08:44:39.174449+00:00
2026-16848,Federal Register,https://www.federalregister.gov/documents/2026/08/19/2026-16848/silicon-metal-from-australia-and-norway-determinations,International Trade Commission,2026-08-19,Silicon Metal From Australia and Norway; Determinations,,Notice,"Investigation Nos. 701-TA-760, 701-TA-762, 731-TA-1744, 731-TA-1746 (Final)",91 FR 53632,2026-08-19T08:44:39.174449+00:00
2026-16841,Federal Register,https://www.federalregister.gov/documents/2026/08/18/2026-16841/request-for-comments-and-notice-of-public-hearing-concerning-chinas-compliance-with-wto-commitments,"Trade Representative, Office of United States",2026-08-18,Request for Comments and Notice of Public Hearing Concerning China's Compliance With WTO Commitments,The Office of the United States Trade Representative (USTR) is seeking public comments to assist in the preparation of its annual report to Congress on China's compliance with its obligations as a Member of the World Trade Organization (WTO). This notice includes the schedule for the submission of comments for the China report and a public hearing.,Notice,Docket Number USTR-2026-0496,91 FR 53476,2026-08-19T08:44:39.174449+00:00
2026-16816,Federal Register,https://www.federalregister.gov/documents/2026/08/18/2026-16816/hand-trucks-and-certain-parts-thereof-from-china-determination,International Trade Commission,2026-08-18,Hand Trucks and Certain Parts Thereof From China; Determination,,Notice,Investigation No. 731-TA-1059 (Fourth Review),91 FR 53425,2026-08-19T08:44:39.174449+00:00
2026-16811,Federal Register,https://www.federalregister.gov/documents/2026/08/18/2026-16811/certain-ink-cartridges-and-components-thereof-ii-notice-of-a-commission-determination-finding-a,International Trade Commission,2026-08-18,Certain Ink Cartridges and Components Thereof II; Notice of a Commission Determination Finding a Violation Under Section 337; Issuance of a General Exclusion Order and Cease and Desist Orders; Termination of the Investigation,"Notice is hereby given that the U.S. International Trade Commission has determined to find a violation under section 337 of the Tariff Act of 1930, as amended, and to issue a general exclusion order (""GEO"") prohibiting the importation of products that infringe claims 1 and 7 of each of the following patents: U.S. Patent Nos. 8,764,172 (""the '172 patent""); 9,370,934 (""the '934 patent""); 11,535,038 (""the '038 patent""); 12,240,248 (""the '248 patent""); and 12,240,249 (""the '249 patent""); and cease and desist orders (""CDOs"") against respondents Mountain Peak, Inc. and Straightouttaink, LP. The investigation is terminated.",Notice,Investigation No. 337-TA-1452,91 FR 53424,2026-08-19T08:44:39.174449+00:00
2026-16789,Federal Register,https://www.federalregister.gov/documents/2026/08/18/2026-16789/certain-off-road-vehicles-and-components-thereof-notice-of-a-commission-determination-not-to-review,International Trade Commission,2026-08-18,Certain Off-Road Vehicles and Components Thereof; Notice of a Commission Determination Not To Review an Initial Determination Granting an Unopposed Motion To Amend the Complaint and Notice of Investigation and Terminate the Investigation as to Certain Claims,"Notice is hereby given that the U.S. International Trade Commission (""Commission"") has determined not to review an initial determination (""ID"") (Order No. 10) of the presiding administrative law judge (""ALJ"") granting an unopposed motion to amend the complaint and Notice of Investigation and terminate the investigation as to certain claims.",Notice,Investigation No. 337-TA-1490,91 FR 53423,2026-08-19T08:44:39.174449+00:00
2026-16788,Federal Register,https://www.federalregister.gov/documents/2026/08/18/2026-16788/certain-video-capable-electronic-devices-notice-of-a-commission-determination-not-to-review-an,International Trade Commission,2026-08-18,Certain Video-Capable Electronic Devices; Notice of a Commission Determination Not To Review an Initial Determination Granting a Joint Motion To Terminate the Investigation in Its Entirety Due to an Arbitration Agreement; Termination of Investigation,"Notice is hereby given that the U.S. International Trade Commission has determined not to review the presiding administrative law judge's (""ALJ"") initial determination (""ID"") (Order No. 18) granting a joint motion to terminate the investigation in its entirety due to an arbitration agreement.",Notice,Investigation No. 337-TA-1481,91 FR 53423,2026-08-19T08:44:39.174449+00:00
2026-16787,Federal Register,https://www.federalregister.gov/documents/2026/08/18/2026-16787/van-type-trailers-and-subassemblies-from-canada-china-and-mexico-revised-schedule-for-the-subject,International Trade Commission,2026-08-18,"Van-Type Trailers and Subassemblies From Canada, China, and Mexico; Revised Schedule for the Subject Investigations",,Notice,Investigation Nos. 701-TA-781-782 and 731-TA-1767-1769 (Final),91 FR 53422,2026-08-19T08:44:39.174449+00:00
2026-16763,Federal Register,https://www.federalregister.gov/documents/2026/08/17/2026-16763/notice-of-receipt-of-complaint-solicitation-of-comments-relating-to-the-public-interest,International Trade Commission,2026-08-17,Notice of Receipt of Complaint; Solicitation of Comments Relating to the Public Interest,"Notice is hereby given that the U.S. International Trade Commission has received a complaint entitled Certain Dynamic Random Access Memory (DRAM) Devices, Products Containing the Same, and Components Thereof (III), DN 3930; the Commission is soliciting comments on any public interest issues raised by the complaint or complainant's filing pursuant to the Commission's Rules of Practice and Procedure.",Notice,,91 FR 53278,2026-08-19T08:44:39.174449+00:00
2026-16753,Federal Register,https://www.federalregister.gov/documents/2026/08/17/2026-16753/aluminum-extrusions-from-the-peoples-republic-of-china-final-results-of-antidumping-duty,Commerce Department; International Trade Administration,2026-08-17,Aluminum Extrusions From the People's Republic of China: Final Results of Antidumping Duty Administrative Review; 2024-2025,"The U.S. Department of Commerce (Commerce) determines that the 18 companies under review of the antidumping duty (AD) order on aluminum extrusions from the People's Republic of China (China), covering the period of review (POR) May 1, 2024, through April 30, 2025, are not eligible to receive a separate rate and are, therefore, part of the China-wide entity.",Notice,A-570-967,91 FR 53224,2026-08-19T08:44:39.174449+00:00
2026-16673,Federal Register,https://www.federalregister.gov/documents/2026/08/14/2026-16673/large-diameter-welded-pipe-from-greece-preliminary-results-of-antidumping-duty-administrative-review,Commerce Department; International Trade Administration,2026-08-14,Large Diameter Welded Pipe from Greece: Preliminary Results of Antidumping Duty Administrative Review; 2024-2025,"The U.S. Department of Commerce (Commerce) preliminarily determines that producers/exporters subject to this review did not make sales of subject merchandise at less than normal value (NV) during the period of review (POR), May 1, 2024, through April 30, 2025. Interested parties are invited to comment on these preliminary results of review.",Notice,A-484-803,91 FR 52671,2026-08-19T08:44:39.174449+00:00
2026-16667,Federal Register,https://www.federalregister.gov/documents/2026/08/14/2026-16667/certain-mobile-electronic-devices-notice-of-institution-of-investigation,International Trade Commission,2026-08-14,Certain Mobile Electronic Devices; Notice of Institution of Investigation,"Notice is hereby given that a complaint was filed with the U.S. International Trade Commission on July 10, 2026, under section 337 of the Tariff Act of 1930, as amended, on behalf of Maxell, Ltd. of Kyoto, Japan. An amended complaint was filed on July 24, 2026. The amended complaint alleges violations of section 337 based upon the importation into the United States, the sale for importation, and the sale within the United States after importation of certain mobile electronic devices by reason of the infringement of certain claims of U.S. Patent No. 10,812,646 (""the '646 patent""); U.S. Patent No. 12,513,408 (""the '408 patent""); U.S. Patent No. 12,061,760 (""the '760 patent""); U.S. Patent No. 12,418,692 (""the '692 patent""); U.S. Patent No. 12,185,211 (""the '211 patent""); and U.S. Patent No. 12,647,935 (""the '935 patent""). The amended complaint further alleges that an industry in the United States exists as required by the applicable Federal Statute. The amended complainant requests that the Commission institute an investigation and, after the investigation, issue a limited exclusion order and cease and desist orders.",Notice,Investigation. No. 337-TA-1516,91 FR 52712,2026-08-19T08:44:39.174449+00:00
2026-16663,Federal Register,https://www.federalregister.gov/documents/2026/08/14/2026-16663/large-power-transformers-from-the-republic-of-korea-final-results-of-antidumping-duty-administrative,Commerce Department; International Trade Administration,2026-08-14,Large Power Transformers From the Republic of Korea: Final Results of Antidumping Duty Administrative Review; 2023-2024,"The U.S. Department of Commerce (Commerce) determines large power transformers from the Republic of Korea (Korea) were sold at less than normal value (NV) during the period of review (POR) August 1, 2023, through July 31, 2024.",Notice,A-580-867,91 FR 52670,2026-08-19T08:44:39.174449+00:00
2026-16662,Federal Register,https://www.federalregister.gov/documents/2026/08/14/2026-16662/certain-passenger-vehicle-and-light-truck-tires-from-the-peoples-republic-of-china-final-results-of,Commerce Department; International Trade Administration,2026-08-14,Certain Passenger Vehicle and Light Truck Tires From the People's Republic of China: Final Results of Antidumping Duty Administrative Review; 2023-2024,"The U.S. Department of Commerce (Commerce) determines that certain exporters of passenger vehicle and light truck tires (passenger tires) from the People's Republic of China (China) made sales of subject merchandise at prices below than normal value during the period of review (POR), August 1, 2023, through July 31, 2024.",Notice,A-570-016,91 FR 52668,2026-08-19T08:44:39.174449+00:00
2026-16628,Federal Register,https://www.federalregister.gov/documents/2026/08/14/2026-16628/streamlining-export-controls-for-drone-exports,Commerce Department; Industry and Security Bureau,2026-08-14,Streamlining Export Controls for Drone Exports,"The Bureau of Industry and Security (BIS) is easing export controls on certain Unmanned Aerial Vehicles (UAVs or drones) and related parts, components, accessories, attachments, technology, and software under the Export Administration Regulations (EAR). Specifically, this rule: eliminates wind gust tolerance as a parameter for determining UAV controls under the EAR; increases the threshold for national security controls on certain UAVs from an endurance of 30 minutes to an endurance of 3 hours; makes conforming changes to remove national security controls on software and technology associated with UAVs with an endurance less than 3 hours; maintains military end-use and end-user controls on those lower endurance drones and associated software and technology; clarifies Commerce Control List (CCL) controls for certain UAVs specially designed for military use; and removes national security controls on certain specially designed parts, components, accessories, and attachments for such UAVs as they do not provide any significant military or intelligence capabilities.",Rule,Docket No. 260723-0178,91 FR 52501,2026-08-19T08:44:39.174449+00:00
2026-16582,Federal Register,https://www.federalregister.gov/documents/2026/08/14/2026-16582/certain-polyvinylidene-flouride-resins-notice-of-request-for-submissions-on-the-public-interest,International Trade Commission,2026-08-14,Certain Polyvinylidene Flouride Resins; Notice of Request for Submissions on the Public Interest,"Notice is hereby given that on August 7, 2026, the presiding administrative law judge (""ALJ"") issued an Initial Determination on Violation of Section 337. The ALJ also issued a Recommended Determination on remedy and bonding should a violation be found in the above-captioned investigation. The Commission is soliciting submissions on public interest issues raised by the recommended relief should the Commission find a violation. This notice is soliciting comments from the public and interested government agencies only.",Notice,Investigation No. 337-TA-1439,91 FR 52711,2026-08-19T08:44:39.174449+00:00
2026-16581,Federal Register,https://www.federalregister.gov/documents/2026/08/14/2026-16581/carbazole-violet-pigment-23-from-china-and-india-termination-of-five-year-reviews,International Trade Commission,2026-08-14,Carbazole Violet Pigment 23 From China and India; Termination of Five-Year Reviews,"The Commission instituted the subject five-year reviews on May 1, 2026 to determine whether revocation of the countervailing duty order on carbazole violet pigment 23 from India and the antidumping duty orders on carbazole violet pigment 23 from China and India would be likely to lead to continuation or recurrence of material injury. On August 7, 2026, the Department of Commerce published notice in the Federal Register that it was revoking the orders applicable August 7, 2026, because no domestic interested party filed a timely notice of intent to participate. Accordingly, the subject reviews are terminated.",Notice,Investigation Nos. 701-TA-437 and 731-TA-1060-1061 (Fourth Review),91 FR 52713,2026-08-19T08:44:39.174449+00:00
2026-16573,Federal Register,https://www.federalregister.gov/documents/2026/08/14/2026-16573/notice-of-ofac-sanctions-action,Treasury Department; Foreign Assets Control Office,2026-08-14,Notice of OFAC Sanctions Action,"The U.S. Department of the Treasury's Office of Foreign Assets Control (OFAC) is publishing the names of one or more persons that have been placed on OFAC's Specially Designated Nationals and Blocked Persons List (SDN List) based on OFAC's determination that one or more applicable legal criteria were satisfied. All property and interests in property subject to U.S. jurisdiction of these persons are blocked, and U.S. persons are generally prohibited from engaging in transactions with them.",Notice,,91 FR 52786,2026-08-19T08:44:39.174449+00:00
2026-16553,Federal Register,https://www.federalregister.gov/documents/2026/08/13/2026-16553/certain-frozen-fish-fillets-from-the-socialist-republic-of-vietnam-final-results-and-rescission-in,Commerce Department; International Trade Administration,2026-08-13,"Certain Frozen Fish Fillets From the Socialist Republic of Vietnam: Final Results and Rescission, in Part, of Antidumping Duty Administrative Review; 2023-2024","The U.S. Department of Commerce (Commerce) determines that Bien Dong Seafood Co., Ltd. (Bien Dong) and NTSF Seafoods Joint Stock Company (NTSF), made sales of certain frozen fish fillets (fish fillets) at less than normal value (NV) during the period of review (POR) August 1, 2023, through July 31, 2024.",Notice,A-552-801,91 FR 52286,2026-08-19T08:44:39.174449+00:00
2026-16550,Federal Register,https://www.federalregister.gov/documents/2026/08/13/2026-16550/quarterly-update-to-annual-listing-of-foreign-government-subsidies-on-articles-of-cheese-subject-to,Commerce Department; International Trade Administration,2026-08-13,Quarterly Update to Annual Listing of Foreign Government Subsidies on Articles of Cheese Subject to an In-Quota Rate of Duty,,Notice,,91 FR 52289,2026-08-19T08:44:39.174449+00:00
2026-16549,Federal Register,https://www.federalregister.gov/documents/2026/08/13/2026-16549/organic-soybean-meal-from-india-preliminary-results-and-rescission-in-part-of-antidumping-duty,Commerce Department; International Trade Administration,2026-08-13,"Organic Soybean Meal From India: Preliminary Results and Rescission, in Part of Antidumping Duty Administrative Review; 2024-2025","The U.S. Department of Commerce (Commerce) preliminarily determines that producers/exporters subject to this review did not make sales of subject merchandise at less than normal value (NV) during the period of review (POR) May 1, 2024, through April 30, 2025. In addition, we are rescinding the review with respect to 145 companies. Interested parties are invited to comment on these preliminary results of review.",Notice,A-533-901,91 FR 52279,2026-08-19T08:44:39.174449+00:00
2026-16548,Federal Register,https://www.federalregister.gov/documents/2026/08/13/2026-16548/carbon-and-alloy-steel-wire-rod-from-the-republic-of-korea-preliminary-results-of-antidumping-duty,Commerce Department; International Trade Administration,2026-08-13,Carbon and Alloy Steel Wire Rod From the Republic of Korea: Preliminary Results of Antidumping Duty Administrative Review; 2024-2025,"The U.S. Department of Commerce (Commerce) preliminarily finds that POSCO and POSCO International Corporation (PIC) (collectively, POSCO), a producer and exporter of carbon and alloy steel wire rod (wire rod) from the Republic of Korea (Korea), did not sell subject merchandise in the United States at prices below normal value during the period of review (POR) May 1, 2024, through April 30, 2025. We invite all interested parties to comment on these preliminary results.",Notice,A-580-891,91 FR 52282,2026-08-19T08:44:39.174449+00:00
2026-16547,Federal Register,https://www.federalregister.gov/documents/2026/08/13/2026-16547/utility-scale-wind-towers-from-indonesia-final-results-of-antidumping-duty-administrative-review,Commerce Department; International Trade Administration,2026-08-13,Utility Scale Wind Towers From Indonesia: Final Results of Antidumping Duty Administrative Review; 2023-2024,"The U.S. Department of Commerce (Commerce) determines that utility scale wind towers (wind towers) from Indonesia are not being sold in the United States at less than normal value during the period of review (POR), August 1, 2023, through July 31, 2024.",Notice,A-560-833,91 FR 52284,2026-08-19T08:44:39.174449+00:00
2026-16473,Federal Register,https://www.federalregister.gov/documents/2026/08/13/2026-16473/agency-information-collection-activities-submission-to-the-office-of-management-and-budget-omb-for,Commerce Department; International Trade Administration,2026-08-13,Agency Information Collection Activities; Submission to the Office of Management and Budget (OMB) for Review and Approval; Comment Request; Aluminum Import Monitoring and Analysis System,,Notice,,91 FR 52290,2026-08-19T08:44:39.174449+00:00
2026-16469,Federal Register,https://www.federalregister.gov/documents/2026/08/13/2026-16469/choline-salts-from-china-determinations,International Trade Commission,2026-08-13,Choline Salts From China; Determinations,,Notice,Investigation Nos. 701-TA-798 and 731-TA-1794 (Preliminary),91 FR 52349,2026-08-19T08:44:39.174449+00:00
2026-16448,Federal Register,https://www.federalregister.gov/documents/2026/08/12/2026-16448/uchicago-argonne-llc-et-al-notice-of-decision-on-application-for-duty-free-entry-of-scientific,Commerce Department; International Trade Administration,2026-08-12,UChicago Argonne LLC et al; Notice of Decision on Application for Duty-Free Entry of Scientific Instruments,,Notice,,91 FR 52040,2026-08-19T08:44:39.174449+00:00
2026-16447,Federal Register,https://www.federalregister.gov/documents/2026/08/12/2026-16447/pacific-northwest-national-laboratory-et-al-applications-for-duty-free-entry-of-scientific,Commerce Department; International Trade Administration,2026-08-12,Pacific Northwest National Laboratory et al; Application(s) for Duty-Free Entry of Scientific Instruments,,Notice,,91 FR 52040,2026-08-19T08:44:39.174449+00:00
2026-16446,Federal Register,https://www.federalregister.gov/documents/2026/08/12/2026-16446/wooden-bedroom-furniture-from-the-peoples-republic-of-china-final-results-of-antidumping-duty,Commerce Department; International Trade Administration,2026-08-12,Wooden Bedroom Furniture From the People's Republic of China: Final Results of Antidumping Duty Administrative Review; 2024,"The U.S. Department of Commerce (Commerce) continues to determine that 11 companies under review did not establish their entitlement to a separate rate and are thus part of the People's Republic of China (China)-wide entity and subject to the China-wide entity rate. The period review (POR) is January 1, 2024, through December 31, 2024.",Notice,A-570-890,91 FR 52041,2026-08-19T08:44:39.174449+00:00
2026-16445,Federal Register,https://www.federalregister.gov/documents/2026/08/12/2026-16445/agency-information-collection-activities-submission-to-the-office-of-management-and-budget-omb-for,Commerce Department; International Trade Administration,2026-08-12,Agency Information Collection Activities; Submission to the Office of Management and Budget (OMB) for Review and Approval; Comment Request; Steel Import License,,Notice,,91 FR 52041,2026-08-19T08:44:39.175452+00:00
2026-16432,Federal Register,https://www.federalregister.gov/documents/2026/08/12/2026-16432/imposition-of-import-restrictions-on-categories-of-archaeological-and-ethnological-material-of-nepal,Homeland Security Department; U.S. Customs and Border Protection,2026-08-12,Imposition of Import Restrictions on Categories of Archaeological and Ethnological Material of Nepal,"This document amends U.S. Customs and Border Protection (CBP) regulations to reflect the imposition of import restrictions on certain archaeological and ethnological material from the Federal Democratic Republic of Nepal (Nepal). These restrictions are imposed pursuant to an agreement between the United States and Nepal, entered into under the authority of the Convention on Cultural Property Implementation Act. This document amends the CBP regulations by adding Nepal to the list of countries which have bilateral agreements with the United States imposing cultural property import restrictions and contains the Designated List, describing the archaeological and ethnological material to which the restrictions apply.",Rule,CBP Dec. 26-16,91 FR 52005,2026-08-19T08:44:39.175452+00:00
2026-16390,Federal Register,https://www.federalregister.gov/documents/2026/08/12/2026-16390/boltless-steel-shelving-units-prepackaged-for-sale-from-china-scheduling-of-expedited-five-year,International Trade Commission,2026-08-12,Boltless Steel Shelving Units Prepackaged for Sale From China; Scheduling of Expedited Five-Year Reviews,"The Commission hereby gives notice of the scheduling of expedited reviews pursuant to the Tariff Act of 1930 (""the Act"") to determine whether revocation of the antidumping and countervailing duty orders on boltless steel shelving units prepackaged for sale from China would be likely to lead to continuation or recurrence of material injury within a reasonably foreseeable time.",Notice,Investigation Nos. 701-TA-523 and 731-TA-1259 (Second Review),91 FR 52082,2026-08-19T08:44:39.175452+00:00
2026-16380,Federal Register,https://www.federalregister.gov/documents/2026/08/12/2026-16380/prestressed-concrete-steel-wire-strand-from-china-scheduling-of-expedited-five-year-reviews,International Trade Commission,2026-08-12,Prestressed Concrete Steel Wire Strand From China; Scheduling of Expedited Five-Year Reviews,"The Commission hereby gives notice of the scheduling of expedited reviews pursuant to the Tariff Act of 1930 (""the Act"") to determine whether revocation of the antidumping duty and countervailing duty orders on prestressed concrete steel wire strand from China would be likely to lead to continuation or recurrence of material injury within a reasonably foreseeable time.",Notice,Investigation Nos. 701-TA-464 and 731-TA-1160 (Third Review),91 FR 52083,2026-08-19T08:44:39.175452+00:00
2026-16979,Federal Register - Presidential,https://www.federalregister.gov/documents/2026/08/19/2026-16979/adjusting-imports-of-unmanned-aircraft-systems-and-unmanned-aircraft-systems-components-into-the,Executive Office of the President,2026-08-19,Adjusting Imports of Unmanned Aircraft Systems and Unmanned Aircraft Systems Components Into the United States,,Presidential Document,,91 FR 53699,2026-08-19T08:44:40.044135+00:00
2026-16799,Federal Register - Presidential,https://www.federalregister.gov/documents/2026/08/17/2026-16799/national-substance-use-primary-prevention-month-2026,Executive Office of the President,2026-08-17,"National Substance Use Primary Prevention Month, 2026",,Presidential Document,,91 FR 53355,2026-08-19T08:44:40.044135+00:00
2026-16748,Federal Register - Presidential,https://www.federalregister.gov/documents/2026/08/14/2026-16748/continuation-of-the-national-emergency-with-respect-to-export-control-regulations,Executive Office of the President,2026-08-14,Continuation of the National Emergency With Respect to Export Control Regulations,,Presidential Document,,91 FR 53179,2026-08-19T08:44:40.044135+00:00
2026-16730,Federal Register - Presidential,https://www.federalregister.gov/documents/2026/08/14/2026-16730/delivering-gold-standard-childhood-vaccine-recommendations-for-americans,Executive Office of the President,2026-08-14,Delivering Gold Standard Childhood Vaccine Recommendations for Americans,,Presidential Document,,91 FR 53173,2026-08-19T08:44:40.044135+00:00
2026-16847,Federal Register - Public Inspection,https://www.federalregister.gov/public-inspection/2026-16847/agency-information-collection-activities-proposals-submissions-and-approvals-annual-certification,Internal Revenue Service,2026-08-19,"Agency Information Collection Activities; Proposals, Submissions, and Approvals: Annual Certification for Multiemployer Defined Benefit Plans ",,Notice,,,2026-08-19T08:44:57.830522+00:00
2026-16850,Federal Register - Public Inspection,https://www.federalregister.gov/public-inspection/2026-16850/proposed-final-judgment-and-competitive-impact-statement-united-states-of-america-et-al-v-crh-plc-et,Antitrust Division,2026-08-19,"Proposed Final Judgment and Competitive Impact Statement: United States of America, et al. v. CRH PLC, et al. ",,Notice,,,2026-08-19T08:44:57.830522+00:00
2026-16849,Federal Register - Public Inspection,https://www.federalregister.gov/public-inspection/2026-16849/privacy-act-matching-program,Personnel Management Office,2026-08-19,Privacy Act; Matching Program  ,,Notice,,,2026-08-19T08:44:57.830522+00:00
2026-16851,Federal Register - Public Inspection,https://www.federalregister.gov/public-inspection/2026-16851/permits-applications-issuances-etc-virginia-electric-and-power-co-doing-business-as-dominion-energy,Nuclear Regulatory Commission,2026-08-19,"Permits; Applications, Issuances, etc.: Virginia Electric and Power Co. (Doing Business as Dominion Energy Virginia); North Anna Site ",,Notice,,,2026-08-19T08:44:57.830522+00:00
2026-16852,Federal Register - Public Inspection,https://www.federalregister.gov/public-inspection/2026-16852/requests-for-nominations-appointment-to-the-world-trade-center-health-program-scientifictechnical,Centers for Disease Control and Prevention,2026-08-19,Requests for Nominations: Appointment to the World Trade Center Health Program Scientific/Technical Advisory Committee ,,Notice,,,2026-08-19T08:44:57.830522+00:00
2026-16853,Federal Register - Public Inspection,https://www.federalregister.gov/public-inspection/2026-16853/self-regulatory-organizations-proposed-rule-changes-new-york-stock-exchange-llc,Securities and Exchange Commission,2026-08-19,Self-Regulatory Organizations; Proposed Rule Changes: New York Stock Exchange LLC ,,Notice,,,2026-08-19T08:44:57.830522+00:00
2026-16854,Federal Register - Public Inspection,https://www.federalregister.gov/public-inspection/2026-16854/self-regulatory-organizations-proposed-rule-changes-cboe-bzx-exchange-inc,Securities and Exchange Commission,2026-08-19,"Self-Regulatory Organizations; Proposed Rule Changes: Cboe BZX Exchange, Inc. ",,Notice,,,2026-08-19T08:44:57.830522+00:00
2026-16855,Federal Register - Public Inspection,https://www.federalregister.gov/public-inspection/2026-16855/self-regulatory-organizations-proposed-rule-changes-nasdaq-phlx-llc,Securities and Exchange Commission,2026-08-19,Self-Regulatory Organizations; Proposed Rule Changes: Nasdaq PHLX LLC ,,Notice,,,2026-08-19T08:44:57.830522+00:00
2026-16856,Federal Register - Public Inspection,https://www.federalregister.gov/public-inspection/2026-16856/self-regulatory-organizations-proposed-rule-changes-the-nasdaq-stock-market-llc,Securities and Exchange Commission,2026-08-19,Self-Regulatory Organizations; Proposed Rule Changes: The Nasdaq Stock Market LLC ,,Notice,,,2026-08-19T08:44:57.830522+00:00
2026-16857,Federal Register - Public Inspection,https://www.federalregister.gov/public-inspection/2026-16857/self-regulatory-organizations-proposed-rule-changes-texas-stock-exchange-llc,Securities and Exchange Commission,2026-08-19,Self-Regulatory Organizations; Proposed Rule Changes: Texas Stock Exchange LLC ,,Notice,,,2026-08-19T08:44:57.830522+00:00
2026-16860,Federal Register - Public Inspection,https://www.federalregister.gov/public-inspection/2026-16860/hearings-meetings-proceedings-etc-advisory-board,National Institute of Corrections,2026-08-19,"Hearings, Meetings, Proceedings, etc.: Advisory Board ",,Notice,,,2026-08-19T08:44:57.830522+00:00
2026-16862,Federal Register - Public Inspection,https://www.federalregister.gov/public-inspection/2026-16862/agency-information-collection-activities-proposals-submissions-and-approvals-employment-eligibility,U.S. Citizenship and Immigration Services,2026-08-19,"Agency Information Collection Activities; Proposals, Submissions, and Approvals: Employment Eligibility Verification ",,Notice,,,2026-08-19T08:44:57.830522+00:00
2026-16863,Federal Register - Public Inspection,https://www.federalregister.gov/public-inspection/2026-16863/agency-information-collection-activities-proposals-submissions-and-approvals-e-verifyplus,U.S. Citizenship and Immigration Services,2026-08-19,"Agency Information Collection Activities; Proposals, Submissions, and Approvals: E-VerifyPlus ",,Notice,,,2026-08-19T08:44:57.830522+00:00
2026-16864,Federal Register - Public Inspection,https://www.federalregister.gov/public-inspection/2026-16864/exemption-palisades-energy-llc-palisades-nuclear-plant,Nuclear Regulatory Commission,2026-08-19,"Exemption: Palisades Energy, LLC; Palisades Nuclear Plant ",,Notice,,,2026-08-19T08:44:57.830522+00:00
2026-16865,Federal Register - Public Inspection,https://www.federalregister.gov/public-inspection/2026-16865/award-of-a-sole-source-cooperative-agreement-ministry-of-health-zambia,Centers for Disease Control and Prevention,2026-08-19,Award of a Sole Source Cooperative Agreement: Ministry of Health Zambia ,,Notice,,,2026-08-19T08:44:57.830522+00:00
2026-16866,Federal Register - Public Inspection,https://www.federalregister.gov/public-inspection/2026-16866/hearings-meetings-proceedings-etc-us-coral-reef-task-force,National Oceanic and Atmospheric Administration,2026-08-19,"Hearings, Meetings, Proceedings, etc.: U.S. Coral Reef Task Force ",,Notice,,,2026-08-19T08:44:57.830522+00:00
2026-16868,Federal Register - Public Inspection,https://www.federalregister.gov/public-inspection/2026-16868/removal-of-conditions-of-entry-vessels-arriving-from-nigeria,Coast Guard,2026-08-19,Removal of Conditions of Entry: Vessels Arriving from Nigeria ,,Notice,,,2026-08-19T08:44:57.830522+00:00
2026-16869,Federal Register - Public Inspection,https://www.federalregister.gov/public-inspection/2026-16869/licenses-exemptions-applications-amendments-etc-deep-seabed-mining-exploration-virtual-public,National Oceanic and Atmospheric Administration,2026-08-19,"Licenses; Exemptions, Applications, Amendments, etc.: Deep Seabed Mining Exploration; Virtual Public Hearing ",,Notice,,,2026-08-19T08:44:57.830522+00:00
2026-16870,Federal Register - Public Inspection,https://www.federalregister.gov/public-inspection/2026-16870/atlantic-highly-migratory-species-north-atlantic-swordfish-south-atlantic-swordfish-north-atlantic,National Oceanic and Atmospheric Administration,2026-08-19,"Atlantic Highly Migratory Species: North Atlantic Swordfish, South Atlantic Swordfish, North Atlantic Albacore, and Atlantic Bluefin Tuna Quotas ",,Rule,,,2026-08-19T08:44:57.830522+00:00
2026-16871,Federal Register - Public Inspection,https://www.federalregister.gov/public-inspection/2026-16871/agency-information-collection-activities-proposals-submissions-and-approvals-rural-maternity-and,Health Resources and Services Administration,2026-08-19,"Agency Information Collection Activities; Proposals, Submissions, and Approvals: Rural Maternity and Obstetrics Management Strategies Program Data Collection ",,Notice,,,2026-08-19T08:44:57.830522+00:00
2026-16872,Federal Register - Public Inspection,https://www.federalregister.gov/public-inspection/2026-16872/new-postal-products,Postal Regulatory Commission,2026-08-19,New Postal Products  ,,Notice,,,2026-08-19T08:44:57.830522+00:00
2026-16873,Federal Register - Public Inspection,https://www.federalregister.gov/public-inspection/2026-16873/hearings-meetings-proceedings-etc-voluntary-service-national-advisory-committee,Veterans Affairs Department,2026-08-19,"Hearings, Meetings, Proceedings, etc.: Voluntary Service National Advisory Committee ",,Notice,,,2026-08-19T08:44:57.830522+00:00
2026-16874,Federal Register - Public Inspection,https://www.federalregister.gov/public-inspection/2026-16874/airworthiness-directives-airbus-sas-airplanes,Federal Aviation Administration,2026-08-19,Airworthiness Directives: Airbus SAS Airplanes ,,Proposed Rule,,,2026-08-19T08:44:57.830522+00:00
2026-16875,Federal Register - Public Inspection,https://www.federalregister.gov/public-inspection/2026-16875/hearings-meetings-proceedings-etc-permanent-advisory-committee-to-advise-the-us-commissioners-to-the,National Oceanic and Atmospheric Administration,2026-08-19,"Hearings, Meetings, Proceedings, etc.: Permanent Advisory Committee to Advise the U.S. Commissioners to the Western and Central Pacific Fisheries Commission ",,Notice,,,2026-08-19T08:44:57.830522+00:00
2026-16876,Federal Register - Public Inspection,https://www.federalregister.gov/public-inspection/2026-16876/agency-information-collection-activities-proposals-submissions-and-approvals-part-41-relating-to,Commodity Futures Trading Commission,2026-08-19,"Agency Information Collection Activities; Proposals, Submissions, and Approvals: Part 41, Relating to Security Futures Products ",,Notice,,,2026-08-19T08:44:57.830522+00:00
2026-16877,Federal Register - Public Inspection,https://www.federalregister.gov/public-inspection/2026-16877/agency-information-collection-activities-proposals-submissions-and-approvals-department-of-homeland,Homeland Security Department,2026-08-19,"Agency Information Collection Activities; Proposals, Submissions, and Approvals: Department of Homeland Security, Emergency Communications Division, Communications Assets Survey and Mapping Tool Registration Tool ",,Notice,,,2026-08-19T08:44:57.830522+00:00
2026-16878,Federal Register - Public Inspection,https://www.federalregister.gov/public-inspection/2026-16878/agency-information-collection-activities-proposals-submissions-and-approvals-health-professions,Health Resources and Services Administration,2026-08-19,"Agency Information Collection Activities; Proposals, Submissions, and Approvals: Health Professions Student Loan Program, Loans for Disadvantaged Students Program, Primary Care Loan Program, and Nursing Student Loan Program Administrative Requirements ",,Notice,,,2026-08-19T08:44:57.830522+00:00
2026-16880,Federal Register - Public Inspection,https://www.federalregister.gov/public-inspection/2026-16880/agency-information-collection-activities-proposals-submissions-and-approvals,Labor Department,2026-08-19,"Agency Information Collection Activities; Proposals, Submissions, and Approvals  ",,Notice,,,2026-08-19T08:44:57.830522+00:00
2026-16882,Federal Register - Public Inspection,https://www.federalregister.gov/public-inspection/2026-16882/agency-information-collection-activities-proposals-submissions-and-approvals-claim-for-continuance,Workers' Compensation Programs Office,2026-08-19,"Agency Information Collection Activities; Proposals, Submissions, and Approvals: Claim for Continuance of Compensation ",,Notice,,,2026-08-19T08:44:57.830522+00:00
2026-16883,Federal Register - Public Inspection,https://www.federalregister.gov/public-inspection/2026-16883/agency-information-collection-activities-proposals-submissions-and-approvals-consent-to-receive,Labor Department,2026-08-19,"Agency Information Collection Activities; Proposals, Submissions, and Approvals: Consent to Receive Employee Benefit Plan Disclosures Electronically ",,Notice,,,2026-08-19T08:44:57.830522+00:00
2026-16884,Federal Register - Public Inspection,https://www.federalregister.gov/public-inspection/2026-16884/requests-for-nominations-science-advisory-board,National Oceanic and Atmospheric Administration,2026-08-19,Requests for Nominations: Science Advisory Board ,,Notice,,,2026-08-19T08:44:57.830522+00:00
2026-16885,Federal Register - Public Inspection,https://www.federalregister.gov/public-inspection/2026-16885/agency-information-collection-activities-proposals-submissions-and-approvals-registered,Employment and Training Administration,2026-08-19,"Agency Information Collection Activities; Proposals, Submissions, and Approvals: Registered Apprenticeship National Public Awareness Campaign ",,Notice,,,2026-08-19T08:44:57.830522+00:00
2026-16886,Federal Register - Public Inspection,https://www.federalregister.gov/public-inspection/2026-16886/hearings-meetings-proceedings-etc-national-sea-grant-advisory-board,National Oceanic and Atmospheric Administration,2026-08-19,"Hearings, Meetings, Proceedings, etc.: National Sea Grant Advisory Board ",,Notice,,,2026-08-19T08:44:57.830522+00:00
2026-16887,Federal Register - Public Inspection,https://www.federalregister.gov/public-inspection/2026-16887/standard-instrument-approach-procedures-and-takeoff-minimums-and-obstacle-departure-procedures,Federal Aviation Administration,2026-08-19,"Standard Instrument Approach Procedures, and Takeoff Minimums and Obstacle Departure Procedures; Miscellaneous Amendments  ",,Rule,,,2026-08-19T08:44:57.830522+00:00
2026-16888,Federal Register - Public Inspection,https://www.federalregister.gov/public-inspection/2026-16888/standard-instrument-approach-procedures-and-takeoff-minimums-and-obstacle-departure-procedures,Federal Aviation Administration,2026-08-19,"Standard Instrument Approach Procedures, and Takeoff Minimums and Obstacle Departure Procedures; Miscellaneous Amendments  ",,Rule,,,2026-08-19T08:44:57.830522+00:00
2026-16889,Federal Register - Public Inspection,https://www.federalregister.gov/public-inspection/2026-16889/hearings-meetings-proceedings-etc-new-england-fishery-management-council,National Oceanic and Atmospheric Administration,2026-08-19,"Hearings, Meetings, Proceedings, etc.: New England Fishery Management Council ",,Notice,,,2026-08-19T08:44:57.830522+00:00
2026-16890,Federal Register - Public Inspection,https://www.federalregister.gov/public-inspection/2026-16890/agency-information-collection-activities-proposals-submissions-and-approvals-mechanical-power-press,Occupational Safety and Health Administration,2026-08-19,"Agency Information Collection Activities; Proposals, Submissions, and Approvals: Mechanical Power Press Standard ",,Notice,,,2026-08-19T08:44:57.830522+00:00
2026-16891,Federal Register - Public Inspection,https://www.federalregister.gov/public-inspection/2026-16891/agency-information-collection-activities-proposals-submissions-and-approvals-summary-plan,Labor Department,2026-08-19,"Agency Information Collection Activities; Proposals, Submissions, and Approvals: Summary Plan Description Requirements under the Employee Retirement Income Security Act ",,Notice,,,2026-08-19T08:44:57.830522+00:00
2026-16892,Federal Register - Public Inspection,https://www.federalregister.gov/public-inspection/2026-16892/agency-information-collection-activities-proposals-submissions-and-approvals-defined-benefit-plan,Labor Department,2026-08-19,"Agency Information Collection Activities; Proposals, Submissions, and Approvals: Defined Benefit Plan Annual Funding Notice ",,Notice,,,2026-08-19T08:44:57.830522+00:00
2026-16893,Federal Register - Public Inspection,https://www.federalregister.gov/public-inspection/2026-16893/agency-information-collection-activities-proposals-submissions-and-approvals-radiation-sampling-and,Labor Department,2026-08-19,"Agency Information Collection Activities; Proposals, Submissions, and Approvals: Radiation Sampling and Exposure Records ",,Notice,,,2026-08-19T08:44:57.830522+00:00
2026-16894,Federal Register - Public Inspection,https://www.federalregister.gov/public-inspection/2026-16894/agency-information-collection-activities-proposals-submissions-and-approvals-health-standards-for,Labor Department,2026-08-19,"Agency Information Collection Activities; Proposals, Submissions, and Approvals: Health Standards for Diesel Particulate Matter Exposure (Underground Coal Mines) ",,Notice,,,2026-08-19T08:44:57.830522+00:00
2026-16895,Federal Register - Public Inspection,https://www.federalregister.gov/public-inspection/2026-16895/agency-information-collection-activities-proposals-submissions-and-approvals-consumer-price-index,Labor Statistics Bureau,2026-08-19,"Agency Information Collection Activities; Proposals, Submissions, and Approvals: Consumer Price Index Commodities and Services Survey ",,Notice,,,2026-08-19T08:44:57.830522+00:00
2026-16896,Federal Register - Public Inspection,https://www.federalregister.gov/public-inspection/2026-16896/agency-information-collection-activities-proposals-submissions-and-approvals-securing-financial,Labor Department,2026-08-19,"Agency Information Collection Activities; Proposals, Submissions, and Approvals: Securing Financial Obligations under the Longshore and Harbor Workers' Compensation Act and its Extensions ",,Notice,,,2026-08-19T08:44:57.830522+00:00
2026-16897,Federal Register - Public Inspection,https://www.federalregister.gov/public-inspection/2026-16897/agency-information-collection-activities-proposals-submissions-and-approvals-benefit-timeliness-and,Employment and Training Administration,2026-08-19,"Agency Information Collection Activities; Proposals, Submissions, and Approvals: Benefit Timeliness and Quality ",,Notice,,,2026-08-19T08:44:57.830522+00:00
2026-16898,Federal Register - Public Inspection,https://www.federalregister.gov/public-inspection/2026-16898/agency-information-collection-activities-proposals-submissions-and-approvals-application-for-waiver,Labor Department,2026-08-19,"Agency Information Collection Activities; Proposals, Submissions, and Approvals: Application for Waiver of Surface Sanitary Facilities Requirements (Pertaining to Coal Mines) ",,Notice,,,2026-08-19T08:44:57.830522+00:00
2026-16899,Federal Register - Public Inspection,https://www.federalregister.gov/public-inspection/2026-16899/agency-information-collection-activities-proposals-submissions-and-approvals-periodic-medical,Labor Department,2026-08-19,"Agency Information Collection Activities; Proposals, Submissions, and Approvals: Periodic Medical Surveillance Examinations for Coal Miners ",,Notice,,,2026-08-19T08:44:57.830522+00:00
2026-16900,Federal Register - Public Inspection,https://www.federalregister.gov/public-inspection/2026-16900/agency-information-collection-activities-proposals-submissions-and-approvals-attending-physicians,Labor Department,2026-08-19,"Agency Information Collection Activities; Proposals, Submissions, and Approvals: Attending Physician's Certification of Continuing Workers' Compensation Disability ",,Notice,,,2026-08-19T08:44:57.830522+00:00
2026-16901,Federal Register - Public Inspection,https://www.federalregister.gov/public-inspection/2026-16901/agency-information-collection-activities-proposals-submissions-and-approvals-notice-of-recurrence,Workers' Compensation Programs Office,2026-08-19,"Agency Information Collection Activities; Proposals, Submissions, and Approvals: Notice of Recurrence ",,Notice,,,2026-08-19T08:44:57.830522+00:00
2026-16902,Federal Register - Public Inspection,https://www.federalregister.gov/public-inspection/2026-16902/agency-information-collection-activities-proposals-submissions-and-approvals-linked-open-data-on,Employment and Training Administration,2026-08-19,"Agency Information Collection Activities; Proposals, Submissions, and Approvals: Linked Open Data on Credentials ",,Notice,,,2026-08-19T08:44:57.830522+00:00
2026-16903,Federal Register - Public Inspection,https://www.federalregister.gov/public-inspection/2026-16903/agency-information-collection-activities-proposals-submissions-and-approvals-disaster-unemployment,Employment and Training Administration,2026-08-19,"Agency Information Collection Activities; Proposals, Submissions, and Approvals: Disaster Unemployment Assistance Activities Report ",,Notice,,,2026-08-19T08:44:57.830522+00:00
2026-16904,Federal Register - Public Inspection,https://www.federalregister.gov/public-inspection/2026-16904/agency-information-collection-activities-proposals-submissions-and-approvals-longshore-and-harbor,Workers' Compensation Programs Office,2026-08-19,"Agency Information Collection Activities; Proposals, Submissions, and Approvals: Longshore and Harbor Workers' Compensation Act Pre-Hearing Statement ",,Notice,,,2026-08-19T08:44:57.830522+00:00
2026-16907,Federal Register - Public Inspection,https://www.federalregister.gov/public-inspection/2026-16907/approval-of-subzone-status-fermi-inc-panhandle-texas,Foreign-Trade Zones Board,2026-08-19,"Approval of Subzone Status: Fermi, Inc.; Panhandle, Texas ",,Notice,,,2026-08-19T08:44:57.830522+00:00
2026-16909,Federal Register - Public Inspection,https://www.federalregister.gov/public-inspection/2026-16909/environmental-impact-statements-availability-etc-bishopville-truck-route-bishopville-sc,Federal Highway Administration,2026-08-19,"Environmental Impact Statements; Availability, etc.: Bishopville Truck Route, Bishopville, SC ",,Notice,,,2026-08-19T08:44:57.830522+00:00
2026-16908,Federal Register - Public Inspection,https://www.federalregister.gov/public-inspection/2026-16908/requests-for-nominations-science-advisory-board,National Oceanic and Atmospheric Administration,2026-08-19,Requests for Nominations: Science Advisory Board ,,Notice,,,2026-08-19T08:44:57.830522+00:00
2026-16910,Federal Register - Public Inspection,https://www.federalregister.gov/public-inspection/2026-16910/agency-information-collection-activities-proposals-submissions-and-approvals-national-organic,Agricultural Marketing Service,2026-08-19,"Agency Information Collection Activities; Proposals, Submissions, and Approvals: National Organic Program; Strengthening Organic Enforcement ",,Notice,,,2026-08-19T08:44:57.830522+00:00
C1-2026-15326,Federal Register - Public Inspection,https://www.federalregister.gov/public-inspection/C1-2026-15326/agency-information-collection-activities-proposals-submissions-and-approvals,Agency for Healthcare Research and Quality,2026-08-19,"Agency Information Collection Activities; Proposals, Submissions, and Approvals  ",,Notice,,,2026-08-19T08:44:57.830522+00:00
2026-16912,Federal Register - Public Inspection,https://www.federalregister.gov/public-inspection/2026-16912/agency-information-collection-activities-proposals-submissions-and-approvals-voluntary-partner,Health Resources and Services Administration,2026-08-19,"Agency Information Collection Activities; Proposals, Submissions, and Approvals: Voluntary Partner Survey on Health Resources and Services Administration Customer Service ",,Notice,,,2026-08-19T08:44:57.830522+00:00
2026-16913,Federal Register - Public Inspection,https://www.federalregister.gov/public-inspection/2026-16913/agency-information-collection-activities-proposals-submissions-and-approvals-maintenance-preventive,Federal Aviation Administration,2026-08-19,"Agency Information Collection Activities; Proposals, Submissions, and Approvals: Maintenance, Preventive Maintenance, Rebuilding, and Alteration; Correction ",,Notice,,,2026-08-19T08:44:57.830522+00:00
2026-16914,Federal Register - Public Inspection,https://www.federalregister.gov/public-inspection/2026-16914/rescission-of-rural-developments-construction-and-repair-regulation,Rural Business-Cooperative Service; Rural Housing Service,2026-08-19,Rescission of Rural Development's Construction and Repair Regulation  ,,Proposed Rule,,,2026-08-19T08:44:57.830522+00:00
2026-16915,Federal Register - Public Inspection,https://www.federalregister.gov/public-inspection/2026-16915/agency-information-collection-activities-proposals-submissions-and-approvals-ferc-511-correction,Federal Energy Regulatory Commission,2026-08-19,"Agency Information Collection Activities; Proposals, Submissions, and Approvals: Ferc-511; Correction ",,Notice,,,2026-08-19T08:44:57.830522+00:00
2026-16916,Federal Register - Public Inspection,https://www.federalregister.gov/public-inspection/2026-16916/agency-information-collection-activities-proposals-submissions-and-approvals-improving-customer,Internal Revenue Service,2026-08-19,"Agency Information Collection Activities; Proposals, Submissions, and Approvals: Improving Customer Experience (OMB Circular A-11, Section 280 Implementation) ",,Notice,,,2026-08-19T08:44:57.830522+00:00
2026-16917,Federal Register - Public Inspection,https://www.federalregister.gov/public-inspection/2026-16917/hearings-meetings-proceedings-etc-new-jersey-advisory-committee,Civil Rights Commission,2026-08-19,"Hearings, Meetings, Proceedings, etc.: New Jersey Advisory Committee ",,Notice,,,2026-08-19T08:44:57.830522+00:00
2026-16918,Federal Register - Public Inspection,https://www.federalregister.gov/public-inspection/2026-16918/hearings-meetings-proceedings-etc-alaska-advisory-committee,Civil Rights Commission,2026-08-19,"Hearings, Meetings, Proceedings, etc.: Alaska Advisory Committee ",,Notice,,,2026-08-19T08:44:57.830522+00:00
2026-16919,Federal Register - Public Inspection,https://www.federalregister.gov/public-inspection/2026-16919/draft-risk-evaluation-under-the-toxic-substances-control-act-ethylene-dibromide,Environmental Protection Agency,2026-08-19,Draft Risk Evaluation under the Toxic Substances Control Act: Ethylene Dibromide ,,Notice,,,2026-08-19T08:44:57.830522+00:00
2026-16920,Federal Register - Public Inspection,https://www.federalregister.gov/public-inspection/2026-16920/agency-information-collection-activities-proposals-submissions-and-approvals,Defense Department,2026-08-19,"Agency Information Collection Activities; Proposals, Submissions, and Approvals  ",,Notice,,,2026-08-19T08:44:57.830522+00:00
2026-16921,Federal Register - Public Inspection,https://www.federalregister.gov/public-inspection/2026-16921/agency-information-collection-activities-proposals-submissions-and-approvals,Federal Energy Regulatory Commission,2026-08-19,"Agency Information Collection Activities; Proposals, Submissions, and Approvals  ",,Notice,,,2026-08-19T08:44:57.830522+00:00
2026-16922,Federal Register - Public Inspection,https://www.federalregister.gov/public-inspection/2026-16922/environmental-assessments-availability-etc-rio-grande-lng-llc-rio-grande-lng-train-4-llc-rio-grande,Federal Energy Regulatory Commission,2026-08-19,"Environmental Assessments; Availability, etc.: Rio Grande LNG, LLC, Rio Grande LNG Train 4, LLC, Rio Grande LNG Train 5, LLC; Rio Grande LNG Capacity Amendment ",,Notice,,,2026-08-19T08:44:57.830522+00:00
2026-16923,Federal Register - Public Inspection,https://www.federalregister.gov/public-inspection/2026-16923/authorization-for-continued-project-operation-erie-boulevard-hydropower-lp,Federal Energy Regulatory Commission,2026-08-19,"Authorization for Continued Project Operation: Erie Boulevard Hydropower, L.P. ",,Notice,,,2026-08-19T08:44:57.830522+00:00
2026-16924,Federal Register - Public Inspection,https://www.federalregister.gov/public-inspection/2026-16924/authorization-for-continued-project-operation-pacific-gas-and-electric-co,Federal Energy Regulatory Commission,2026-08-19,Authorization for Continued Project Operation: Pacific Gas and Electric Co. ,,Notice,,,2026-08-19T08:44:57.830522+00:00
2026-16925,Federal Register - Public Inspection,https://www.federalregister.gov/public-inspection/2026-16925/agency-information-collection-activities-proposals-submissions-and-approvals,Federal Energy Regulatory Commission,2026-08-19,"Agency Information Collection Activities; Proposals, Submissions, and Approvals  ",,Notice,,,2026-08-19T08:44:57.830522+00:00
2026-16926,Federal Register - Public Inspection,https://www.federalregister.gov/public-inspection/2026-16926/authorization-for-continued-project-operation-banister-hydro-inc,Federal Energy Regulatory Commission,2026-08-19,"Authorization for Continued Project Operation: Banister Hydro, Inc. ",,Notice,,,2026-08-19T08:44:57.830522+00:00
2026-16927,Federal Register - Public Inspection,https://www.federalregister.gov/public-inspection/2026-16927/combined-filings,Federal Energy Regulatory Commission,2026-08-19,Combined Filings  ,,Notice,,,2026-08-19T08:44:57.831146+00:00
2026-16928,Federal Register - Public Inspection,https://www.federalregister.gov/public-inspection/2026-16928/revised-procedural-schedule-lower-saranac-hydro-partners-llc,Federal Energy Regulatory Commission,2026-08-19,"Revised Procedural Schedule: Lower Saranac Hydro Partners, LLC ",,Notice,,,2026-08-19T08:44:57.831146+00:00
2026-16930,Federal Register - Public Inspection,https://www.federalregister.gov/public-inspection/2026-16930/air-quality-state-implementation-plans-approvals-and-promulgations-south-carolina-minor-source,Environmental Protection Agency,2026-08-19,Air Quality State Implementation Plans; Approvals and Promulgations: South Carolina; Minor Source Permit Program Revisions ,,Proposed Rule,,,2026-08-19T08:44:57.831146+00:00
2026-16932,Federal Register - Public Inspection,https://www.federalregister.gov/public-inspection/2026-16932/air-quality-state-implementation-plans-approvals-and-promulgations-south-carolina-control-of-oxides,Environmental Protection Agency,2026-08-19,Air Quality State Implementation Plans; Approvals and Promulgations: South Carolina; Control of Oxides of Nitrogen and Source Testing Requirements ,,Proposed Rule,,,2026-08-19T08:44:57.831146+00:00
2026-16937,Federal Register - Public Inspection,https://www.federalregister.gov/public-inspection/2026-16937/air-quality-state-implementation-plans-approvals-and-promulgations-south-carolina-minor-source,Environmental Protection Agency,2026-08-19,Air Quality State Implementation Plans; Approvals and Promulgations: South Carolina; Minor Source Permit Program Revisions ,,Proposed Rule,,,2026-08-19T08:44:57.831146+00:00
2026-16939,Federal Register - Public Inspection,https://www.federalregister.gov/public-inspection/2026-16939/filing-of-color-additive-petition-gnt-usa-llc,Food and Drug Administration,2026-08-19,"Filing of Color Additive Petition: GNT USA, LLC ",,Proposed Rule,,,2026-08-19T08:44:57.831146+00:00
2026-16942,Federal Register - Public Inspection,https://www.federalregister.gov/public-inspection/2026-16942/food-additives-permitted-in-feed-and-drinking-water-of-animals-chromium-dl-methionine-chelate,Food and Drug Administration,2026-08-19,Food Additives Permitted in Feed and Drinking Water of Animals: Chromium DL-methionine Chelate ,,Rule,,,2026-08-19T08:44:57.831146+00:00
2026-16943,Federal Register - Public Inspection,https://www.federalregister.gov/public-inspection/2026-16943/filing-of-color-additive-petition-international-association-of-color-manufacturers,Food and Drug Administration,2026-08-19,Filing of Color Additive Petition: International Association of Color Manufacturers ,,Proposed Rule,,,2026-08-19T08:44:57.831146+00:00
2026-16944,Federal Register - Public Inspection,https://www.federalregister.gov/public-inspection/2026-16944/filing-of-color-additive-petition-gardenia-blue-interest-group,Food and Drug Administration,2026-08-19,Filing of Color Additive Petition: Gardenia Blue Interest Group ,,Proposed Rule,,,2026-08-19T08:44:57.831146+00:00
