event_id,document_id,canonical_event_id,legal_basis,document_type,investigation_stage,vietnam_direct,vietnam_indirect,global_measure,third_country_risk,sector_risk,sectors_matched,company_product_match,company_sector_match,other_countries,low_confidence,risk_score,risk_level,alert_level,source_agency,title,publication_date,source_url,case_number,fr_citation
EVT-2026-16911,2026-16911,2026-16911,IEEPA_PRESIDENTIAL,Other,,False,False,False,False,False,,False,False,,False,3,LOW,LOW,Homeland Security Department; U.S. Customs and Border Protection,Accuracy of Importer of Record Data Submitted to CBP,2026-08-19,https://www.federalregister.gov/documents/2026/08/19/2026-16911/accuracy-of-importer-of-record-data-submitted-to-cbp,,91 FR 53627
EVT-2026-16905,2026-16905,CASE::Investigation No. 337-TA-1517,SECTION_337,Petition / complaint,,False,False,False,False,False,,False,False,,False,3,LOW,LOW,International Trade Commission,Certain Transformers and Components Thereof; Notice of Institution of Investigation,2026-08-19,https://www.federalregister.gov/documents/2026/08/19/2026-16905/certain-transformers-and-components-thereof-notice-of-institution-of-investigation,Investigation No. 337-TA-1517,91 FR 53631
EVT-2026-16881,2026-16881,CASE::C-821-825,AD_CVD,Final determination,STAGE_7,False,False,False,False,False,,False,False,,False,25,MONITOR,MONITOR,Commerce Department; International Trade Administration,Phosphate Fertilizers From the Russian Federation: Notice of Court Decision Not in Harmony With the Results of Countervailing Duty Administrative Review; Notice of Amended Final Results,2026-08-19,https://www.federalregister.gov/documents/2026/08/19/2026-16881/phosphate-fertilizers-from-the-russian-federation-notice-of-court-decision-not-in-harmony-with-the,C-821-825,91 FR 53600
EVT-2026-16861,2026-16861,CASE::Investigation Nos. 701-TA-449 and 731-TA-1118-1121 (Third Review),,Other,,False,False,False,False,False,,False,False,mexico; south korea; turkey,False,3,LOW,LOW,International Trade Commission,"Light-Walled Rectangular Pipe and Tube From China, Mexico, South Korea, and Turkey; Determinations",2026-08-19,https://www.federalregister.gov/documents/2026/08/19/2026-16861/light-walled-rectangular-pipe-and-tube-from-china-mexico-south-korea-and-turkey-determinations,Investigation Nos. 701-TA-449 and 731-TA-1118-1121 (Third Review),91 FR 53633
EVT-2026-16859,2026-16859,CASE::Docket No. 260811-0485,,Tariff action,,False,False,False,False,False,,False,False,mexico,False,3,LOW,LOW,Commerce Department; International Trade Administration,Amending Procedures for Submissions by Importers of Automobiles Qualifying for Preferential Tariff Treatment Under the USMCA To Determine U.S. Content,2026-08-19,https://www.federalregister.gov/documents/2026/08/19/2026-16859/amending-procedures-for-submissions-by-importers-of-automobiles-qualifying-for-preferential-tariff,Docket No. 260811-0485,91 FR 53602
EVT-2026-16848,2026-16848,"CASE::Investigation Nos. 701-TA-760, 701-TA-762, 731-TA-1744, 731-TA-1746 (Final)",,Other,,False,False,False,False,False,,False,False,,False,3,LOW,LOW,International Trade Commission,Silicon Metal From Australia and Norway; Determinations,2026-08-19,https://www.federalregister.gov/documents/2026/08/19/2026-16848/silicon-metal-from-australia-and-norway-determinations,"Investigation Nos. 701-TA-760, 701-TA-762, 731-TA-1744, 731-TA-1746 (Final)",91 FR 53632
EVT-2026-16841,2026-16841,CASE::Docket Number USTR-2026-0496,,Hearing,STAGE_1,False,False,False,False,False,,False,False,,False,9,LOW,LOW,"Trade Representative, Office of United States",Request for Comments and Notice of Public Hearing Concerning China's Compliance With WTO Commitments,2026-08-18,https://www.federalregister.gov/documents/2026/08/18/2026-16841/request-for-comments-and-notice-of-public-hearing-concerning-chinas-compliance-with-wto-commitments,Docket Number USTR-2026-0496,91 FR 53476
EVT-2026-16816,2026-16816,CASE::Investigation No. 731-TA-1059 (Fourth Review),,Other,,False,False,False,False,False,,False,False,,False,3,LOW,LOW,International Trade Commission,Hand Trucks and Certain Parts Thereof From China; Determination,2026-08-18,https://www.federalregister.gov/documents/2026/08/18/2026-16816/hand-trucks-and-certain-parts-thereof-from-china-determination,Investigation No. 731-TA-1059 (Fourth Review),91 FR 53425
EVT-2026-16811,2026-16811,CASE::Investigation No. 337-TA-1452,SECTION_337,Exclusion / exemption,STAGE_8,False,False,False,False,False,,False,False,,False,0,LOW,LOW,International Trade Commission,Certain Ink Cartridges and Components Thereof II; Notice of a Commission Determination Finding a Violation Under Section 337; Issuance of a General Exclusion Order and Cease and Desist Orders; Termination of the Investigation,2026-08-18,https://www.federalregister.gov/documents/2026/08/18/2026-16811/certain-ink-cartridges-and-components-thereof-ii-notice-of-a-commission-determination-finding-a,Investigation No. 337-TA-1452,91 FR 53424
EVT-2026-16789,2026-16789,CASE::Investigation No. 337-TA-1490,SECTION_337,Petition / complaint,,False,False,False,False,False,,False,False,,False,3,LOW,LOW,International Trade Commission,Certain Off-Road Vehicles and Components Thereof; Notice of a Commission Determination Not To Review an Initial Determination Granting an Unopposed Motion To Amend the Complaint and Notice of Investigation and Terminate the Investigation as to Certain Claims,2026-08-18,https://www.federalregister.gov/documents/2026/08/18/2026-16789/certain-off-road-vehicles-and-components-thereof-notice-of-a-commission-determination-not-to-review,Investigation No. 337-TA-1490,91 FR 53423
EVT-2026-16788,2026-16788,CASE::Investigation No. 337-TA-1481,SECTION_337,Other,,False,False,False,False,False,,False,False,,False,3,LOW,LOW,International Trade Commission,Certain Video-Capable Electronic Devices; Notice of a Commission Determination Not To Review an Initial Determination Granting a Joint Motion To Terminate the Investigation in Its Entirety Due to an Arbitration Agreement; Termination of Investigation,2026-08-18,https://www.federalregister.gov/documents/2026/08/18/2026-16788/certain-video-capable-electronic-devices-notice-of-a-commission-determination-not-to-review-an,Investigation No. 337-TA-1481,91 FR 53423
EVT-2026-16787,2026-16787,CASE::Investigation Nos. 701-TA-781-782 and 731-TA-1767-1769 (Final),,Other,,False,False,False,False,False,,False,False,mexico,False,3,LOW,LOW,International Trade Commission,"Van-Type Trailers and Subassemblies From Canada, China, and Mexico; Revised Schedule for the Subject Investigations",2026-08-18,https://www.federalregister.gov/documents/2026/08/18/2026-16787/van-type-trailers-and-subassemblies-from-canada-china-and-mexico-revised-schedule-for-the-subject,Investigation Nos. 701-TA-781-782 and 731-TA-1767-1769 (Final),91 FR 53422
EVT-2026-16763,2026-16763,2026-16763,,Petition / complaint,,False,False,False,False,False,,False,False,,False,3,LOW,LOW,International Trade Commission,Notice of Receipt of Complaint; Solicitation of Comments Relating to the Public Interest,2026-08-17,https://www.federalregister.gov/documents/2026/08/17/2026-16763/notice-of-receipt-of-complaint-solicitation-of-comments-relating-to-the-public-interest,,91 FR 53278
EVT-2026-16753,2026-16753,CASE::A-570-967,AD_CVD,Final determination,STAGE_7,False,False,False,False,True,Aluminum,False,False,,False,45,MEDIUM,MEDIUM,Commerce Department; International Trade Administration,Aluminum Extrusions From the People's Republic of China: Final Results of Antidumping Duty Administrative Review; 2024-2025,2026-08-17,https://www.federalregister.gov/documents/2026/08/17/2026-16753/aluminum-extrusions-from-the-peoples-republic-of-china-final-results-of-antidumping-duty,A-570-967,91 FR 53224
EVT-2026-16673,2026-16673,CASE::A-484-803,AD_CVD,Preliminary determination,STAGE_7,False,False,False,False,False,,False,False,,False,25,MONITOR,MONITOR,Commerce Department; International Trade Administration,Large Diameter Welded Pipe from Greece: Preliminary Results of Antidumping Duty Administrative Review; 2024-2025,2026-08-14,https://www.federalregister.gov/documents/2026/08/14/2026-16673/large-diameter-welded-pipe-from-greece-preliminary-results-of-antidumping-duty-administrative-review,A-484-803,91 FR 52671
EVT-2026-16667,2026-16667,CASE::Investigation. No. 337-TA-1516,SECTION_337,Petition / complaint,,False,False,False,False,False,,False,False,japan,False,3,LOW,LOW,International Trade Commission,Certain Mobile Electronic Devices; Notice of Institution of Investigation,2026-08-14,https://www.federalregister.gov/documents/2026/08/14/2026-16667/certain-mobile-electronic-devices-notice-of-institution-of-investigation,Investigation. No. 337-TA-1516,91 FR 52712
EVT-2026-16663,2026-16663,CASE::A-580-867,AD_CVD,Final determination,STAGE_7,False,False,False,False,False,,False,False,,False,25,MONITOR,MONITOR,Commerce Department; International Trade Administration,Large Power Transformers From the Republic of Korea: Final Results of Antidumping Duty Administrative Review; 2023-2024,2026-08-14,https://www.federalregister.gov/documents/2026/08/14/2026-16663/large-power-transformers-from-the-republic-of-korea-final-results-of-antidumping-duty-administrative,A-580-867,91 FR 52670
EVT-2026-16662,2026-16662,CASE::A-570-016,AD_CVD,Final determination,STAGE_7,False,False,False,False,False,,False,False,,False,25,MONITOR,MONITOR,Commerce Department; International Trade Administration,Certain Passenger Vehicle and Light Truck Tires From the People's Republic of China: Final Results of Antidumping Duty Administrative Review; 2023-2024,2026-08-14,https://www.federalregister.gov/documents/2026/08/14/2026-16662/certain-passenger-vehicle-and-light-truck-tires-from-the-peoples-republic-of-china-final-results-of,A-570-016,91 FR 52668
EVT-2026-16628,2026-16628,CASE::Docket No. 260723-0178,BIS_EXPORT_CONTROLS,Export control,,False,False,False,False,False,,False,False,,False,3,LOW,LOW,Commerce Department; Industry and Security Bureau,Streamlining Export Controls for Drone Exports,2026-08-14,https://www.federalregister.gov/documents/2026/08/14/2026-16628/streamlining-export-controls-for-drone-exports,Docket No. 260723-0178,91 FR 52501
EVT-2026-16582,2026-16582,CASE::Investigation No. 337-TA-1439,SECTION_337,Other,STAGE_1,False,False,False,False,False,,False,False,,False,9,LOW,LOW,International Trade Commission,Certain Polyvinylidene Flouride Resins; Notice of Request for Submissions on the Public Interest,2026-08-14,https://www.federalregister.gov/documents/2026/08/14/2026-16582/certain-polyvinylidene-flouride-resins-notice-of-request-for-submissions-on-the-public-interest,Investigation No. 337-TA-1439,91 FR 52711
EVT-2026-16581,2026-16581,CASE::Investigation Nos. 701-TA-437 and 731-TA-1060-1061 (Fourth Review),AD_CVD,Order,STAGE_8,False,False,False,False,False,,False,False,india,False,0,LOW,LOW,International Trade Commission,Carbazole Violet Pigment 23 From China and India; Termination of Five-Year Reviews,2026-08-14,https://www.federalregister.gov/documents/2026/08/14/2026-16581/carbazole-violet-pigment-23-from-china-and-india-termination-of-five-year-reviews,Investigation Nos. 701-TA-437 and 731-TA-1060-1061 (Fourth Review),91 FR 52713
EVT-2026-16573,2026-16573,2026-16573,OFAC_SANCTIONS,Sanction,,False,False,False,False,False,,False,False,,False,3,LOW,LOW,Treasury Department; Foreign Assets Control Office,Notice of OFAC Sanctions Action,2026-08-14,https://www.federalregister.gov/documents/2026/08/14/2026-16573/notice-of-ofac-sanctions-action,,91 FR 52786
EVT-2026-16553,2026-16553,CASE::A-552-801,AD_CVD,Final determination,STAGE_7,True,False,False,False,True,Seafood,False,True,,False,90,CRITICAL,CRITICAL,Commerce Department; International Trade Administration,"Certain Frozen Fish Fillets From the Socialist Republic of Vietnam: Final Results and Rescission, in Part, of Antidumping Duty Administrative Review; 2023-2024",2026-08-13,https://www.federalregister.gov/documents/2026/08/13/2026-16553/certain-frozen-fish-fillets-from-the-socialist-republic-of-vietnam-final-results-and-rescission-in,A-552-801,91 FR 52286
EVT-2026-16550,2026-16550,2026-16550,,Other,,False,False,False,False,False,,False,False,,False,3,LOW,LOW,Commerce Department; International Trade Administration,Quarterly Update to Annual Listing of Foreign Government Subsidies on Articles of Cheese Subject to an In-Quota Rate of Duty,2026-08-13,https://www.federalregister.gov/documents/2026/08/13/2026-16550/quarterly-update-to-annual-listing-of-foreign-government-subsidies-on-articles-of-cheese-subject-to,,91 FR 52289
EVT-2026-16549,2026-16549,CASE::A-533-901,AD_CVD,Preliminary determination,STAGE_7,False,False,False,False,False,,False,False,india,False,25,MONITOR,MONITOR,Commerce Department; International Trade Administration,"Organic Soybean Meal From India: Preliminary Results and Rescission, in Part of Antidumping Duty Administrative Review; 2024-2025",2026-08-13,https://www.federalregister.gov/documents/2026/08/13/2026-16549/organic-soybean-meal-from-india-preliminary-results-and-rescission-in-part-of-antidumping-duty,A-533-901,91 FR 52279
EVT-2026-16548,2026-16548,CASE::A-580-891,AD_CVD,Preliminary determination,STAGE_7,False,False,False,False,True,Steel,False,True,,False,60,HIGH,HIGH,Commerce Department; International Trade Administration,Carbon and Alloy Steel Wire Rod From the Republic of Korea: Preliminary Results of Antidumping Duty Administrative Review; 2024-2025,2026-08-13,https://www.federalregister.gov/documents/2026/08/13/2026-16548/carbon-and-alloy-steel-wire-rod-from-the-republic-of-korea-preliminary-results-of-antidumping-duty,A-580-891,91 FR 52282
EVT-2026-16547,2026-16547,CASE::A-560-833,AD_CVD,Final determination,STAGE_7,False,False,False,False,False,,False,False,indonesia,False,25,MONITOR,MONITOR,Commerce Department; International Trade Administration,Utility Scale Wind Towers From Indonesia: Final Results of Antidumping Duty Administrative Review; 2023-2024,2026-08-13,https://www.federalregister.gov/documents/2026/08/13/2026-16547/utility-scale-wind-towers-from-indonesia-final-results-of-antidumping-duty-administrative-review,A-560-833,91 FR 52284
EVT-2026-16473,2026-16473,2026-16473,,Other,,False,False,False,False,True,Aluminum,False,False,,False,23,MONITOR,MONITOR,Commerce Department; International Trade Administration,Agency Information Collection Activities; Submission to the Office of Management and Budget (OMB) for Review and Approval; Comment Request; Aluminum Import Monitoring and Analysis System,2026-08-13,https://www.federalregister.gov/documents/2026/08/13/2026-16473/agency-information-collection-activities-submission-to-the-office-of-management-and-budget-omb-for,,91 FR 52290
EVT-2026-16469,2026-16469,CASE::Investigation Nos. 701-TA-798 and 731-TA-1794 (Preliminary),,Other,,False,False,False,False,False,,False,False,,False,3,LOW,LOW,International Trade Commission,Choline Salts From China; Determinations,2026-08-13,https://www.federalregister.gov/documents/2026/08/13/2026-16469/choline-salts-from-china-determinations,Investigation Nos. 701-TA-798 and 731-TA-1794 (Preliminary),91 FR 52349
EVT-2026-16448,2026-16448,2026-16448,,Other,,False,False,False,False,False,,False,False,,False,3,LOW,LOW,Commerce Department; International Trade Administration,UChicago Argonne LLC et al; Notice of Decision on Application for Duty-Free Entry of Scientific Instruments,2026-08-12,https://www.federalregister.gov/documents/2026/08/12/2026-16448/uchicago-argonne-llc-et-al-notice-of-decision-on-application-for-duty-free-entry-of-scientific,,91 FR 52040
EVT-2026-16447,2026-16447,2026-16447,,Other,,False,False,False,False,False,,False,False,,False,3,LOW,LOW,Commerce Department; International Trade Administration,Pacific Northwest National Laboratory et al; Application(s) for Duty-Free Entry of Scientific Instruments,2026-08-12,https://www.federalregister.gov/documents/2026/08/12/2026-16447/pacific-northwest-national-laboratory-et-al-applications-for-duty-free-entry-of-scientific,,91 FR 52040
EVT-2026-16446,2026-16446,CASE::A-570-890,AD_CVD,Final determination,STAGE_7,False,False,False,False,True,Wood / Furniture,False,True,,False,60,HIGH,HIGH,Commerce Department; International Trade Administration,Wooden Bedroom Furniture From the People's Republic of China: Final Results of Antidumping Duty Administrative Review; 2024,2026-08-12,https://www.federalregister.gov/documents/2026/08/12/2026-16446/wooden-bedroom-furniture-from-the-peoples-republic-of-china-final-results-of-antidumping-duty,A-570-890,91 FR 52041
EVT-2026-16445,2026-16445,2026-16445,,Other,,False,False,False,False,True,Steel,False,True,,False,38,MONITOR,MONITOR,Commerce Department; International Trade Administration,Agency Information Collection Activities; Submission to the Office of Management and Budget (OMB) for Review and Approval; Comment Request; Steel Import License,2026-08-12,https://www.federalregister.gov/documents/2026/08/12/2026-16445/agency-information-collection-activities-submission-to-the-office-of-management-and-budget-omb-for,,91 FR 52041
EVT-2026-16432,2026-16432,CASE::CBP Dec. 26-16,,Other,,False,False,False,False,False,,False,False,,False,3,LOW,LOW,Homeland Security Department; U.S. Customs and Border Protection,Imposition of Import Restrictions on Categories of Archaeological and Ethnological Material of Nepal,2026-08-12,https://www.federalregister.gov/documents/2026/08/12/2026-16432/imposition-of-import-restrictions-on-categories-of-archaeological-and-ethnological-material-of-nepal,CBP Dec. 26-16,91 FR 52005
EVT-2026-16390,2026-16390,CASE::Investigation Nos. 701-TA-523 and 731-TA-1259 (Second Review),AD_CVD,Tariff action,,False,False,False,False,True,Steel,False,True,,False,38,MONITOR,MONITOR,International Trade Commission,Boltless Steel Shelving Units Prepackaged for Sale From China; Scheduling of Expedited Five-Year Reviews,2026-08-12,https://www.federalregister.gov/documents/2026/08/12/2026-16390/boltless-steel-shelving-units-prepackaged-for-sale-from-china-scheduling-of-expedited-five-year,Investigation Nos. 701-TA-523 and 731-TA-1259 (Second Review),91 FR 52082
EVT-2026-16380,2026-16380,CASE::Investigation Nos. 701-TA-464 and 731-TA-1160 (Third Review),AD_CVD,Tariff action,,False,False,False,False,True,Steel,False,True,,False,38,MONITOR,MONITOR,International Trade Commission,Prestressed Concrete Steel Wire Strand From China; Scheduling of Expedited Five-Year Reviews,2026-08-12,https://www.federalregister.gov/documents/2026/08/12/2026-16380/prestressed-concrete-steel-wire-strand-from-china-scheduling-of-expedited-five-year-reviews,Investigation Nos. 701-TA-464 and 731-TA-1160 (Third Review),91 FR 52083
EVT-2026-16979,2026-16979,2026-16979,,Presidential action,,False,False,False,False,False,,False,False,,False,3,LOW,LOW,Executive Office of the President,Adjusting Imports of Unmanned Aircraft Systems and Unmanned Aircraft Systems Components Into the United States,2026-08-19,https://www.federalregister.gov/documents/2026/08/19/2026-16979/adjusting-imports-of-unmanned-aircraft-systems-and-unmanned-aircraft-systems-components-into-the,,91 FR 53699
EVT-2026-16799,2026-16799,2026-16799,,Presidential action,,False,False,False,False,False,,False,False,,False,3,LOW,LOW,Executive Office of the President,"National Substance Use Primary Prevention Month, 2026",2026-08-17,https://www.federalregister.gov/documents/2026/08/17/2026-16799/national-substance-use-primary-prevention-month-2026,,91 FR 53355
EVT-2026-16748,2026-16748,2026-16748,IEEPA_PRESIDENTIAL; BIS_EXPORT_CONTROLS,Export control,,False,False,False,False,False,,False,False,,False,3,LOW,LOW,Executive Office of the President,Continuation of the National Emergency With Respect to Export Control Regulations,2026-08-14,https://www.federalregister.gov/documents/2026/08/14/2026-16748/continuation-of-the-national-emergency-with-respect-to-export-control-regulations,,91 FR 53179
EVT-2026-16730,2026-16730,2026-16730,,Presidential action,,False,False,False,False,False,,False,False,,False,3,LOW,LOW,Executive Office of the President,Delivering Gold Standard Childhood Vaccine Recommendations for Americans,2026-08-14,https://www.federalregister.gov/documents/2026/08/14/2026-16730/delivering-gold-standard-childhood-vaccine-recommendations-for-americans,,91 FR 53173
EVT-2026-16847,2026-16847,2026-16847,,Other,,False,False,False,False,False,,False,False,,False,3,LOW,LOW,Internal Revenue Service,"Agency Information Collection Activities; Proposals, Submissions, and Approvals: Annual Certification for Multiemployer Defined Benefit Plans ",2026-08-19,https://www.federalregister.gov/public-inspection/2026-16847/agency-information-collection-activities-proposals-submissions-and-approvals-annual-certification,,
EVT-2026-16850,2026-16850,2026-16850,,Other,,False,False,False,False,False,,False,False,,False,3,LOW,LOW,Antitrust Division,"Proposed Final Judgment and Competitive Impact Statement: United States of America, et al. v. CRH PLC, et al. ",2026-08-19,https://www.federalregister.gov/public-inspection/2026-16850/proposed-final-judgment-and-competitive-impact-statement-united-states-of-america-et-al-v-crh-plc-et,,
EVT-2026-16849,2026-16849,2026-16849,,Other,,False,False,False,False,False,,False,False,,False,3,LOW,LOW,Personnel Management Office,Privacy Act; Matching Program  ,2026-08-19,https://www.federalregister.gov/public-inspection/2026-16849/privacy-act-matching-program,,
EVT-2026-16851,2026-16851,2026-16851,,Other,,False,False,False,False,False,,False,False,,False,3,LOW,LOW,Nuclear Regulatory Commission,"Permits; Applications, Issuances, etc.: Virginia Electric and Power Co. (Doing Business as Dominion Energy Virginia); North Anna Site ",2026-08-19,https://www.federalregister.gov/public-inspection/2026-16851/permits-applications-issuances-etc-virginia-electric-and-power-co-doing-business-as-dominion-energy,,
EVT-2026-16852,2026-16852,2026-16852,,Other,,False,False,False,False,False,,False,False,,False,3,LOW,LOW,Centers for Disease Control and Prevention,Requests for Nominations: Appointment to the World Trade Center Health Program Scientific/Technical Advisory Committee ,2026-08-19,https://www.federalregister.gov/public-inspection/2026-16852/requests-for-nominations-appointment-to-the-world-trade-center-health-program-scientifictechnical,,
EVT-2026-16853,2026-16853,2026-16853,,Other,,False,False,False,False,False,,False,False,,False,3,LOW,LOW,Securities and Exchange Commission,Self-Regulatory Organizations; Proposed Rule Changes: New York Stock Exchange LLC ,2026-08-19,https://www.federalregister.gov/public-inspection/2026-16853/self-regulatory-organizations-proposed-rule-changes-new-york-stock-exchange-llc,,
EVT-2026-16854,2026-16854,2026-16854,,Other,,False,False,False,False,False,,False,False,,False,3,LOW,LOW,Securities and Exchange Commission,"Self-Regulatory Organizations; Proposed Rule Changes: Cboe BZX Exchange, Inc. ",2026-08-19,https://www.federalregister.gov/public-inspection/2026-16854/self-regulatory-organizations-proposed-rule-changes-cboe-bzx-exchange-inc,,
EVT-2026-16855,2026-16855,2026-16855,,Other,,False,False,False,False,False,,False,False,,False,3,LOW,LOW,Securities and Exchange Commission,Self-Regulatory Organizations; Proposed Rule Changes: Nasdaq PHLX LLC ,2026-08-19,https://www.federalregister.gov/public-inspection/2026-16855/self-regulatory-organizations-proposed-rule-changes-nasdaq-phlx-llc,,
EVT-2026-16856,2026-16856,2026-16856,,Other,,False,False,False,False,False,,False,False,,False,3,LOW,LOW,Securities and Exchange Commission,Self-Regulatory Organizations; Proposed Rule Changes: The Nasdaq Stock Market LLC ,2026-08-19,https://www.federalregister.gov/public-inspection/2026-16856/self-regulatory-organizations-proposed-rule-changes-the-nasdaq-stock-market-llc,,
EVT-2026-16857,2026-16857,2026-16853,,Other,,False,False,False,False,False,,False,False,,False,3,LOW,LOW,Securities and Exchange Commission,Self-Regulatory Organizations; Proposed Rule Changes: Texas Stock Exchange LLC ,2026-08-19,https://www.federalregister.gov/public-inspection/2026-16857/self-regulatory-organizations-proposed-rule-changes-texas-stock-exchange-llc,,
EVT-2026-16860,2026-16860,2026-16860,,Other,,False,False,False,False,False,,False,False,,False,3,LOW,LOW,National Institute of Corrections,"Hearings, Meetings, Proceedings, etc.: Advisory Board ",2026-08-19,https://www.federalregister.gov/public-inspection/2026-16860/hearings-meetings-proceedings-etc-advisory-board,,
EVT-2026-16862,2026-16862,2026-16862,,Other,,False,False,False,False,False,,False,False,,False,3,LOW,LOW,U.S. Citizenship and Immigration Services,"Agency Information Collection Activities; Proposals, Submissions, and Approvals: Employment Eligibility Verification ",2026-08-19,https://www.federalregister.gov/public-inspection/2026-16862/agency-information-collection-activities-proposals-submissions-and-approvals-employment-eligibility,,
EVT-2026-16863,2026-16863,2026-16863,,Other,,False,False,False,False,False,,False,False,,False,3,LOW,LOW,U.S. Citizenship and Immigration Services,"Agency Information Collection Activities; Proposals, Submissions, and Approvals: E-VerifyPlus ",2026-08-19,https://www.federalregister.gov/public-inspection/2026-16863/agency-information-collection-activities-proposals-submissions-and-approvals-e-verifyplus,,
EVT-2026-16864,2026-16864,2026-16864,,Exclusion / exemption,,False,False,False,False,False,,False,False,,False,3,LOW,LOW,Nuclear Regulatory Commission,"Exemption: Palisades Energy, LLC; Palisades Nuclear Plant ",2026-08-19,https://www.federalregister.gov/public-inspection/2026-16864/exemption-palisades-energy-llc-palisades-nuclear-plant,,
EVT-2026-16865,2026-16865,2026-16865,,Other,,False,False,False,False,False,,False,False,,False,3,LOW,LOW,Centers for Disease Control and Prevention,Award of a Sole Source Cooperative Agreement: Ministry of Health Zambia ,2026-08-19,https://www.federalregister.gov/public-inspection/2026-16865/award-of-a-sole-source-cooperative-agreement-ministry-of-health-zambia,,
EVT-2026-16866,2026-16866,2026-16866,,Other,,False,False,False,False,False,,False,False,,False,3,LOW,LOW,National Oceanic and Atmospheric Administration,"Hearings, Meetings, Proceedings, etc.: U.S. Coral Reef Task Force ",2026-08-19,https://www.federalregister.gov/public-inspection/2026-16866/hearings-meetings-proceedings-etc-us-coral-reef-task-force,,
EVT-2026-16868,2026-16868,2026-16868,,Other,,False,False,False,False,False,,False,False,,False,3,LOW,LOW,Coast Guard,Removal of Conditions of Entry: Vessels Arriving from Nigeria ,2026-08-19,https://www.federalregister.gov/public-inspection/2026-16868/removal-of-conditions-of-entry-vessels-arriving-from-nigeria,,
EVT-2026-16869,2026-16869,2026-16869,,Hearing,,False,False,False,False,False,,False,False,,False,3,LOW,LOW,National Oceanic and Atmospheric Administration,"Licenses; Exemptions, Applications, Amendments, etc.: Deep Seabed Mining Exploration; Virtual Public Hearing ",2026-08-19,https://www.federalregister.gov/public-inspection/2026-16869/licenses-exemptions-applications-amendments-etc-deep-seabed-mining-exploration-virtual-public,,
EVT-2026-16870,2026-16870,2026-16870,,Other,,False,False,False,False,False,,False,False,,False,3,LOW,LOW,National Oceanic and Atmospheric Administration,"Atlantic Highly Migratory Species: North Atlantic Swordfish, South Atlantic Swordfish, North Atlantic Albacore, and Atlantic Bluefin Tuna Quotas ",2026-08-19,https://www.federalregister.gov/public-inspection/2026-16870/atlantic-highly-migratory-species-north-atlantic-swordfish-south-atlantic-swordfish-north-atlantic,,
EVT-2026-16871,2026-16871,2026-16871,,Other,,False,False,False,False,False,,False,False,,False,3,LOW,LOW,Health Resources and Services Administration,"Agency Information Collection Activities; Proposals, Submissions, and Approvals: Rural Maternity and Obstetrics Management Strategies Program Data Collection ",2026-08-19,https://www.federalregister.gov/public-inspection/2026-16871/agency-information-collection-activities-proposals-submissions-and-approvals-rural-maternity-and,,
EVT-2026-16872,2026-16872,2026-16872,,Other,,False,False,False,False,False,,False,False,,False,3,LOW,LOW,Postal Regulatory Commission,New Postal Products  ,2026-08-19,https://www.federalregister.gov/public-inspection/2026-16872/new-postal-products,,
EVT-2026-16873,2026-16873,2026-16873,,Other,,False,False,False,False,False,,False,False,,False,3,LOW,LOW,Veterans Affairs Department,"Hearings, Meetings, Proceedings, etc.: Voluntary Service National Advisory Committee ",2026-08-19,https://www.federalregister.gov/public-inspection/2026-16873/hearings-meetings-proceedings-etc-voluntary-service-national-advisory-committee,,
EVT-2026-16874,2026-16874,2026-16874,,Other,,False,False,False,False,False,,False,False,,False,3,LOW,LOW,Federal Aviation Administration,Airworthiness Directives: Airbus SAS Airplanes ,2026-08-19,https://www.federalregister.gov/public-inspection/2026-16874/airworthiness-directives-airbus-sas-airplanes,,
EVT-2026-16875,2026-16875,2026-16875,,Other,,False,False,False,False,False,,False,False,,False,3,LOW,LOW,National Oceanic and Atmospheric Administration,"Hearings, Meetings, Proceedings, etc.: Permanent Advisory Committee to Advise the U.S. Commissioners to the Western and Central Pacific Fisheries Commission ",2026-08-19,https://www.federalregister.gov/public-inspection/2026-16875/hearings-meetings-proceedings-etc-permanent-advisory-committee-to-advise-the-us-commissioners-to-the,,
EVT-2026-16876,2026-16876,2026-16876,,Other,,False,False,False,False,False,,False,False,,False,3,LOW,LOW,Commodity Futures Trading Commission,"Agency Information Collection Activities; Proposals, Submissions, and Approvals: Part 41, Relating to Security Futures Products ",2026-08-19,https://www.federalregister.gov/public-inspection/2026-16876/agency-information-collection-activities-proposals-submissions-and-approvals-part-41-relating-to,,
EVT-2026-16877,2026-16877,2026-16877,,Other,,False,False,False,False,False,,False,False,,False,3,LOW,LOW,Homeland Security Department,"Agency Information Collection Activities; Proposals, Submissions, and Approvals: Department of Homeland Security, Emergency Communications Division, Communications Assets Survey and Mapping Tool Registration Tool ",2026-08-19,https://www.federalregister.gov/public-inspection/2026-16877/agency-information-collection-activities-proposals-submissions-and-approvals-department-of-homeland,,
EVT-2026-16878,2026-16878,2026-16878,,Other,,False,False,False,False,False,,False,False,,False,3,LOW,LOW,Health Resources and Services Administration,"Agency Information Collection Activities; Proposals, Submissions, and Approvals: Health Professions Student Loan Program, Loans for Disadvantaged Students Program, Primary Care Loan Program, and Nursing Student Loan Program Administrative Requirements ",2026-08-19,https://www.federalregister.gov/public-inspection/2026-16878/agency-information-collection-activities-proposals-submissions-and-approvals-health-professions,,
EVT-2026-16880,2026-16880,2026-16880,,Other,,False,False,False,False,False,,False,False,,False,3,LOW,LOW,Labor Department,"Agency Information Collection Activities; Proposals, Submissions, and Approvals  ",2026-08-19,https://www.federalregister.gov/public-inspection/2026-16880/agency-information-collection-activities-proposals-submissions-and-approvals,,
EVT-2026-16882,2026-16882,2026-16882,,Other,,False,False,False,False,False,,False,False,,False,3,LOW,LOW,Workers' Compensation Programs Office,"Agency Information Collection Activities; Proposals, Submissions, and Approvals: Claim for Continuance of Compensation ",2026-08-19,https://www.federalregister.gov/public-inspection/2026-16882/agency-information-collection-activities-proposals-submissions-and-approvals-claim-for-continuance,,
EVT-2026-16883,2026-16883,2026-16883,,Other,,False,False,False,False,False,,False,False,,False,3,LOW,LOW,Labor Department,"Agency Information Collection Activities; Proposals, Submissions, and Approvals: Consent to Receive Employee Benefit Plan Disclosures Electronically ",2026-08-19,https://www.federalregister.gov/public-inspection/2026-16883/agency-information-collection-activities-proposals-submissions-and-approvals-consent-to-receive,,
EVT-2026-16884,2026-16884,2026-16884,,Other,,False,False,False,False,False,,False,False,,False,3,LOW,LOW,National Oceanic and Atmospheric Administration,Requests for Nominations: Science Advisory Board ,2026-08-19,https://www.federalregister.gov/public-inspection/2026-16884/requests-for-nominations-science-advisory-board,,
EVT-2026-16885,2026-16885,2026-16885,,Other,,False,False,False,False,False,,False,False,,False,3,LOW,LOW,Employment and Training Administration,"Agency Information Collection Activities; Proposals, Submissions, and Approvals: Registered Apprenticeship National Public Awareness Campaign ",2026-08-19,https://www.federalregister.gov/public-inspection/2026-16885/agency-information-collection-activities-proposals-submissions-and-approvals-registered,,
EVT-2026-16886,2026-16886,2026-16886,,Other,,False,False,False,False,False,,False,False,,False,3,LOW,LOW,National Oceanic and Atmospheric Administration,"Hearings, Meetings, Proceedings, etc.: National Sea Grant Advisory Board ",2026-08-19,https://www.federalregister.gov/public-inspection/2026-16886/hearings-meetings-proceedings-etc-national-sea-grant-advisory-board,,
EVT-2026-16887,2026-16887,2026-16887,,Other,,False,False,False,False,False,,False,False,,False,3,LOW,LOW,Federal Aviation Administration,"Standard Instrument Approach Procedures, and Takeoff Minimums and Obstacle Departure Procedures; Miscellaneous Amendments  ",2026-08-19,https://www.federalregister.gov/public-inspection/2026-16887/standard-instrument-approach-procedures-and-takeoff-minimums-and-obstacle-departure-procedures,,
EVT-2026-16888,2026-16888,2026-16887,,Other,,False,False,False,False,False,,False,False,,False,3,LOW,LOW,Federal Aviation Administration,"Standard Instrument Approach Procedures, and Takeoff Minimums and Obstacle Departure Procedures; Miscellaneous Amendments  ",2026-08-19,https://www.federalregister.gov/public-inspection/2026-16888/standard-instrument-approach-procedures-and-takeoff-minimums-and-obstacle-departure-procedures,,
EVT-2026-16889,2026-16889,2026-16889,,Other,,False,False,False,False,False,,False,False,,False,3,LOW,LOW,National Oceanic and Atmospheric Administration,"Hearings, Meetings, Proceedings, etc.: New England Fishery Management Council ",2026-08-19,https://www.federalregister.gov/public-inspection/2026-16889/hearings-meetings-proceedings-etc-new-england-fishery-management-council,,
EVT-2026-16890,2026-16890,2026-16890,,Other,,False,False,False,False,False,,False,False,,False,3,LOW,LOW,Occupational Safety and Health Administration,"Agency Information Collection Activities; Proposals, Submissions, and Approvals: Mechanical Power Press Standard ",2026-08-19,https://www.federalregister.gov/public-inspection/2026-16890/agency-information-collection-activities-proposals-submissions-and-approvals-mechanical-power-press,,
EVT-2026-16891,2026-16891,2026-16891,,Other,,False,False,False,False,False,,False,False,,False,3,LOW,LOW,Labor Department,"Agency Information Collection Activities; Proposals, Submissions, and Approvals: Summary Plan Description Requirements under the Employee Retirement Income Security Act ",2026-08-19,https://www.federalregister.gov/public-inspection/2026-16891/agency-information-collection-activities-proposals-submissions-and-approvals-summary-plan,,
EVT-2026-16892,2026-16892,2026-16892,,Other,,False,False,False,False,False,,False,False,,False,3,LOW,LOW,Labor Department,"Agency Information Collection Activities; Proposals, Submissions, and Approvals: Defined Benefit Plan Annual Funding Notice ",2026-08-19,https://www.federalregister.gov/public-inspection/2026-16892/agency-information-collection-activities-proposals-submissions-and-approvals-defined-benefit-plan,,
EVT-2026-16893,2026-16893,2026-16893,,Other,,False,False,False,False,False,,False,False,,False,3,LOW,LOW,Labor Department,"Agency Information Collection Activities; Proposals, Submissions, and Approvals: Radiation Sampling and Exposure Records ",2026-08-19,https://www.federalregister.gov/public-inspection/2026-16893/agency-information-collection-activities-proposals-submissions-and-approvals-radiation-sampling-and,,
EVT-2026-16894,2026-16894,2026-16894,,Other,,False,False,False,False,False,,False,False,,False,3,LOW,LOW,Labor Department,"Agency Information Collection Activities; Proposals, Submissions, and Approvals: Health Standards for Diesel Particulate Matter Exposure (Underground Coal Mines) ",2026-08-19,https://www.federalregister.gov/public-inspection/2026-16894/agency-information-collection-activities-proposals-submissions-and-approvals-health-standards-for,,
EVT-2026-16895,2026-16895,2026-16895,,Other,,False,False,False,False,False,,False,False,,False,3,LOW,LOW,Labor Statistics Bureau,"Agency Information Collection Activities; Proposals, Submissions, and Approvals: Consumer Price Index Commodities and Services Survey ",2026-08-19,https://www.federalregister.gov/public-inspection/2026-16895/agency-information-collection-activities-proposals-submissions-and-approvals-consumer-price-index,,
EVT-2026-16896,2026-16896,2026-16896,,Other,,False,False,False,False,False,,False,False,,False,3,LOW,LOW,Labor Department,"Agency Information Collection Activities; Proposals, Submissions, and Approvals: Securing Financial Obligations under the Longshore and Harbor Workers' Compensation Act and its Extensions ",2026-08-19,https://www.federalregister.gov/public-inspection/2026-16896/agency-information-collection-activities-proposals-submissions-and-approvals-securing-financial,,
EVT-2026-16897,2026-16897,2026-16897,,Other,,False,False,False,False,False,,False,False,,False,3,LOW,LOW,Employment and Training Administration,"Agency Information Collection Activities; Proposals, Submissions, and Approvals: Benefit Timeliness and Quality ",2026-08-19,https://www.federalregister.gov/public-inspection/2026-16897/agency-information-collection-activities-proposals-submissions-and-approvals-benefit-timeliness-and,,
EVT-2026-16898,2026-16898,2026-16898,,Other,,False,False,False,False,False,,False,False,,False,3,LOW,LOW,Labor Department,"Agency Information Collection Activities; Proposals, Submissions, and Approvals: Application for Waiver of Surface Sanitary Facilities Requirements (Pertaining to Coal Mines) ",2026-08-19,https://www.federalregister.gov/public-inspection/2026-16898/agency-information-collection-activities-proposals-submissions-and-approvals-application-for-waiver,,
EVT-2026-16899,2026-16899,2026-16899,,Other,,False,False,False,False,False,,False,False,,False,3,LOW,LOW,Labor Department,"Agency Information Collection Activities; Proposals, Submissions, and Approvals: Periodic Medical Surveillance Examinations for Coal Miners ",2026-08-19,https://www.federalregister.gov/public-inspection/2026-16899/agency-information-collection-activities-proposals-submissions-and-approvals-periodic-medical,,
EVT-2026-16900,2026-16900,2026-16900,,Other,,False,False,False,False,False,,False,False,,False,3,LOW,LOW,Labor Department,"Agency Information Collection Activities; Proposals, Submissions, and Approvals: Attending Physician's Certification of Continuing Workers' Compensation Disability ",2026-08-19,https://www.federalregister.gov/public-inspection/2026-16900/agency-information-collection-activities-proposals-submissions-and-approvals-attending-physicians,,
EVT-2026-16901,2026-16901,2026-16901,,Other,,False,False,False,False,False,,False,False,,False,3,LOW,LOW,Workers' Compensation Programs Office,"Agency Information Collection Activities; Proposals, Submissions, and Approvals: Notice of Recurrence ",2026-08-19,https://www.federalregister.gov/public-inspection/2026-16901/agency-information-collection-activities-proposals-submissions-and-approvals-notice-of-recurrence,,
EVT-2026-16902,2026-16902,2026-16902,,Other,,False,False,False,False,False,,False,False,,False,3,LOW,LOW,Employment and Training Administration,"Agency Information Collection Activities; Proposals, Submissions, and Approvals: Linked Open Data on Credentials ",2026-08-19,https://www.federalregister.gov/public-inspection/2026-16902/agency-information-collection-activities-proposals-submissions-and-approvals-linked-open-data-on,,
EVT-2026-16903,2026-16903,2026-16903,,Other,,False,False,False,False,False,,False,False,,False,3,LOW,LOW,Employment and Training Administration,"Agency Information Collection Activities; Proposals, Submissions, and Approvals: Disaster Unemployment Assistance Activities Report ",2026-08-19,https://www.federalregister.gov/public-inspection/2026-16903/agency-information-collection-activities-proposals-submissions-and-approvals-disaster-unemployment,,
EVT-2026-16904,2026-16904,2026-16904,,Hearing,,False,False,False,False,False,,False,False,,False,3,LOW,LOW,Workers' Compensation Programs Office,"Agency Information Collection Activities; Proposals, Submissions, and Approvals: Longshore and Harbor Workers' Compensation Act Pre-Hearing Statement ",2026-08-19,https://www.federalregister.gov/public-inspection/2026-16904/agency-information-collection-activities-proposals-submissions-and-approvals-longshore-and-harbor,,
EVT-2026-16907,2026-16907,2026-16907,,Other,,False,False,False,False,False,,False,False,,False,3,LOW,LOW,Foreign-Trade Zones Board,"Approval of Subzone Status: Fermi, Inc.; Panhandle, Texas ",2026-08-19,https://www.federalregister.gov/public-inspection/2026-16907/approval-of-subzone-status-fermi-inc-panhandle-texas,,
EVT-2026-16909,2026-16909,2026-16909,,Other,,False,False,False,False,False,,False,False,,False,3,LOW,LOW,Federal Highway Administration,"Environmental Impact Statements; Availability, etc.: Bishopville Truck Route, Bishopville, SC ",2026-08-19,https://www.federalregister.gov/public-inspection/2026-16909/environmental-impact-statements-availability-etc-bishopville-truck-route-bishopville-sc,,
EVT-2026-16908,2026-16908,2026-16884,,Other,,False,False,False,False,False,,False,False,,False,3,LOW,LOW,National Oceanic and Atmospheric Administration,Requests for Nominations: Science Advisory Board ,2026-08-19,https://www.federalregister.gov/public-inspection/2026-16908/requests-for-nominations-science-advisory-board,,
EVT-2026-16910,2026-16910,2026-16910,,Other,,False,False,False,False,False,,False,False,,False,3,LOW,LOW,Agricultural Marketing Service,"Agency Information Collection Activities; Proposals, Submissions, and Approvals: National Organic Program; Strengthening Organic Enforcement ",2026-08-19,https://www.federalregister.gov/public-inspection/2026-16910/agency-information-collection-activities-proposals-submissions-and-approvals-national-organic,,
EVT-C1-2026-15326,C1-2026-15326,C1-2026-15326,,Other,,False,False,False,False,False,,False,False,,False,3,LOW,LOW,Agency for Healthcare Research and Quality,"Agency Information Collection Activities; Proposals, Submissions, and Approvals  ",2026-08-19,https://www.federalregister.gov/public-inspection/C1-2026-15326/agency-information-collection-activities-proposals-submissions-and-approvals,,
EVT-2026-16912,2026-16912,2026-16912,,Other,,False,False,False,False,False,,False,False,,False,3,LOW,LOW,Health Resources and Services Administration,"Agency Information Collection Activities; Proposals, Submissions, and Approvals: Voluntary Partner Survey on Health Resources and Services Administration Customer Service ",2026-08-19,https://www.federalregister.gov/public-inspection/2026-16912/agency-information-collection-activities-proposals-submissions-and-approvals-voluntary-partner,,
EVT-2026-16913,2026-16913,2026-16913,,Other,,False,False,False,False,False,,False,False,,False,3,LOW,LOW,Federal Aviation Administration,"Agency Information Collection Activities; Proposals, Submissions, and Approvals: Maintenance, Preventive Maintenance, Rebuilding, and Alteration; Correction ",2026-08-19,https://www.federalregister.gov/public-inspection/2026-16913/agency-information-collection-activities-proposals-submissions-and-approvals-maintenance-preventive,,
EVT-2026-16914,2026-16914,2026-16914,,Other,,False,False,False,False,False,,False,False,,False,3,LOW,LOW,Rural Business-Cooperative Service; Rural Housing Service,Rescission of Rural Development's Construction and Repair Regulation  ,2026-08-19,https://www.federalregister.gov/public-inspection/2026-16914/rescission-of-rural-developments-construction-and-repair-regulation,,
EVT-2026-16915,2026-16915,2026-16915,,Other,,False,False,False,False,False,,False,False,,False,3,LOW,LOW,Federal Energy Regulatory Commission,"Agency Information Collection Activities; Proposals, Submissions, and Approvals: Ferc-511; Correction ",2026-08-19,https://www.federalregister.gov/public-inspection/2026-16915/agency-information-collection-activities-proposals-submissions-and-approvals-ferc-511-correction,,
EVT-2026-16916,2026-16916,2026-16916,,Other,,False,False,False,False,False,,False,False,,False,3,LOW,LOW,Internal Revenue Service,"Agency Information Collection Activities; Proposals, Submissions, and Approvals: Improving Customer Experience (OMB Circular A-11, Section 280 Implementation) ",2026-08-19,https://www.federalregister.gov/public-inspection/2026-16916/agency-information-collection-activities-proposals-submissions-and-approvals-improving-customer,,
EVT-2026-16917,2026-16917,2026-16917,,Other,,False,False,False,False,False,,False,False,,False,3,LOW,LOW,Civil Rights Commission,"Hearings, Meetings, Proceedings, etc.: New Jersey Advisory Committee ",2026-08-19,https://www.federalregister.gov/public-inspection/2026-16917/hearings-meetings-proceedings-etc-new-jersey-advisory-committee,,
EVT-2026-16918,2026-16918,2026-16917,,Other,,False,False,False,False,False,,False,False,,False,3,LOW,LOW,Civil Rights Commission,"Hearings, Meetings, Proceedings, etc.: Alaska Advisory Committee ",2026-08-19,https://www.federalregister.gov/public-inspection/2026-16918/hearings-meetings-proceedings-etc-alaska-advisory-committee,,
EVT-2026-16919,2026-16919,2026-16919,,Other,,False,False,False,False,False,,False,False,,False,3,LOW,LOW,Environmental Protection Agency,Draft Risk Evaluation under the Toxic Substances Control Act: Ethylene Dibromide ,2026-08-19,https://www.federalregister.gov/public-inspection/2026-16919/draft-risk-evaluation-under-the-toxic-substances-control-act-ethylene-dibromide,,
EVT-2026-16920,2026-16920,2026-16920,,Other,,False,False,False,False,False,,False,False,,False,3,LOW,LOW,Defense Department,"Agency Information Collection Activities; Proposals, Submissions, and Approvals  ",2026-08-19,https://www.federalregister.gov/public-inspection/2026-16920/agency-information-collection-activities-proposals-submissions-and-approvals,,
EVT-2026-16921,2026-16921,2026-16915,,Other,,False,False,False,False,False,,False,False,,False,3,LOW,LOW,Federal Energy Regulatory Commission,"Agency Information Collection Activities; Proposals, Submissions, and Approvals  ",2026-08-19,https://www.federalregister.gov/public-inspection/2026-16921/agency-information-collection-activities-proposals-submissions-and-approvals,,
EVT-2026-16922,2026-16922,2026-16922,,Other,,False,False,False,False,False,,False,False,,False,3,LOW,LOW,Federal Energy Regulatory Commission,"Environmental Assessments; Availability, etc.: Rio Grande LNG, LLC, Rio Grande LNG Train 4, LLC, Rio Grande LNG Train 5, LLC; Rio Grande LNG Capacity Amendment ",2026-08-19,https://www.federalregister.gov/public-inspection/2026-16922/environmental-assessments-availability-etc-rio-grande-lng-llc-rio-grande-lng-train-4-llc-rio-grande,,
EVT-2026-16923,2026-16923,2026-16923,,Other,,False,False,False,False,False,,False,False,,False,3,LOW,LOW,Federal Energy Regulatory Commission,"Authorization for Continued Project Operation: Erie Boulevard Hydropower, L.P. ",2026-08-19,https://www.federalregister.gov/public-inspection/2026-16923/authorization-for-continued-project-operation-erie-boulevard-hydropower-lp,,
EVT-2026-16924,2026-16924,2026-16924,,Other,,False,False,False,False,False,,False,False,,False,3,LOW,LOW,Federal Energy Regulatory Commission,Authorization for Continued Project Operation: Pacific Gas and Electric Co. ,2026-08-19,https://www.federalregister.gov/public-inspection/2026-16924/authorization-for-continued-project-operation-pacific-gas-and-electric-co,,
EVT-2026-16925,2026-16925,2026-16915,,Other,,False,False,False,False,False,,False,False,,False,3,LOW,LOW,Federal Energy Regulatory Commission,"Agency Information Collection Activities; Proposals, Submissions, and Approvals  ",2026-08-19,https://www.federalregister.gov/public-inspection/2026-16925/agency-information-collection-activities-proposals-submissions-and-approvals,,
EVT-2026-16926,2026-16926,2026-16926,,Other,,False,False,False,False,False,,False,False,,False,3,LOW,LOW,Federal Energy Regulatory Commission,"Authorization for Continued Project Operation: Banister Hydro, Inc. ",2026-08-19,https://www.federalregister.gov/public-inspection/2026-16926/authorization-for-continued-project-operation-banister-hydro-inc,,
EVT-2026-16927,2026-16927,2026-16927,,Other,,False,False,False,False,False,,False,False,,False,3,LOW,LOW,Federal Energy Regulatory Commission,Combined Filings  ,2026-08-19,https://www.federalregister.gov/public-inspection/2026-16927/combined-filings,,
EVT-2026-16928,2026-16928,2026-16928,,Other,,False,False,False,False,False,,False,False,,False,3,LOW,LOW,Federal Energy Regulatory Commission,"Revised Procedural Schedule: Lower Saranac Hydro Partners, LLC ",2026-08-19,https://www.federalregister.gov/public-inspection/2026-16928/revised-procedural-schedule-lower-saranac-hydro-partners-llc,,
EVT-2026-16930,2026-16930,2026-16930,,Other,,False,False,False,False,False,,False,False,,False,3,LOW,LOW,Environmental Protection Agency,Air Quality State Implementation Plans; Approvals and Promulgations: South Carolina; Minor Source Permit Program Revisions ,2026-08-19,https://www.federalregister.gov/public-inspection/2026-16930/air-quality-state-implementation-plans-approvals-and-promulgations-south-carolina-minor-source,,
EVT-2026-16932,2026-16932,2026-16932,,Other,,False,False,False,False,False,,False,False,,False,3,LOW,LOW,Environmental Protection Agency,Air Quality State Implementation Plans; Approvals and Promulgations: South Carolina; Control of Oxides of Nitrogen and Source Testing Requirements ,2026-08-19,https://www.federalregister.gov/public-inspection/2026-16932/air-quality-state-implementation-plans-approvals-and-promulgations-south-carolina-control-of-oxides,,
EVT-2026-16937,2026-16937,2026-16930,,Other,,False,False,False,False,False,,False,False,,False,3,LOW,LOW,Environmental Protection Agency,Air Quality State Implementation Plans; Approvals and Promulgations: South Carolina; Minor Source Permit Program Revisions ,2026-08-19,https://www.federalregister.gov/public-inspection/2026-16937/air-quality-state-implementation-plans-approvals-and-promulgations-south-carolina-minor-source,,
EVT-2026-16939,2026-16939,2026-16939,AD_CVD,Petition / complaint,,False,False,False,False,False,,False,False,,False,3,LOW,LOW,Food and Drug Administration,"Filing of Color Additive Petition: GNT USA, LLC ",2026-08-19,https://www.federalregister.gov/public-inspection/2026-16939/filing-of-color-additive-petition-gnt-usa-llc,,
EVT-2026-16942,2026-16942,2026-16942,,Other,,False,False,False,False,False,,False,False,,False,3,LOW,LOW,Food and Drug Administration,Food Additives Permitted in Feed and Drinking Water of Animals: Chromium DL-methionine Chelate ,2026-08-19,https://www.federalregister.gov/public-inspection/2026-16942/food-additives-permitted-in-feed-and-drinking-water-of-animals-chromium-dl-methionine-chelate,,
EVT-2026-16943,2026-16943,2026-16943,AD_CVD,Petition / complaint,,False,False,False,False,False,,False,False,,False,3,LOW,LOW,Food and Drug Administration,Filing of Color Additive Petition: International Association of Color Manufacturers ,2026-08-19,https://www.federalregister.gov/public-inspection/2026-16943/filing-of-color-additive-petition-international-association-of-color-manufacturers,,
EVT-2026-16944,2026-16944,2026-16944,AD_CVD,Petition / complaint,,False,False,False,False,False,,False,False,,False,3,LOW,LOW,Food and Drug Administration,Filing of Color Additive Petition: Gardenia Blue Interest Group ,2026-08-19,https://www.federalregister.gov/public-inspection/2026-16944/filing-of-color-additive-petition-gardenia-blue-interest-group,,
